scope,run_id,method,comparison,candidate_count,cost_signed_pct_delta_mean,cost_signed_pct_delta_median,cost_signed_pct_delta_sd,cost_absolute_percentage_error_mean,cost_absolute_percentage_error_median,cost_absolute_percentage_error_sd,makespan_signed_pct_delta_mean,makespan_signed_pct_delta_median,makespan_signed_pct_delta_sd,makespan_absolute_percentage_error_mean,makespan_absolute_percentage_error_median,makespan_absolute_percentage_error_sd,emission_signed_pct_delta_mean,emission_signed_pct_delta_median,emission_signed_pct_delta_sd,emission_absolute_percentage_error_mean,emission_absolute_percentage_error_median,emission_absolute_percentage_error_sd
run,1,EV,training direct-expected-input vs OOS mean,269,1.2207661293446392,1.1313592514674908,0.22858274066052287,1.2207661293446392,1.1313592514674908,0.22858274066052287,15.767815776125301,16.13858324462381,1.3766720486781878,15.767815776125301,16.13858324462381,1.3766720486781878,-1.9773921602129088e-15,0.0,1.6750893033767833e-14,1.3330410413956917e-14,1.898049266327522e-14,1.0303115359836285e-14
run,1,CCP30,training q90 vs OOS q90,276,0.9263902720931256,0.9259155789403575,0.23867060159389902,0.9263902720931256,0.9259155789403575,0.23867060159389902,3.6874666258227746,3.309457514589704,2.6813769697855236,3.7366494443081346,3.309457514589704,2.612147722276338,0.0,0.0,0.0,0.0,0.0,0.0
run,2,EV,training direct-expected-input vs OOS mean,261,1.2587670465381497,1.3276898898012177,0.17697981806391885,1.2587670465381497,1.3276898898012177,0.17697981806391885,15.680747407477044,16.304172861779143,2.3892286930509856,15.680747407477044,16.304172861779143,2.3892286930509856,1.7194201605090074e-15,0.0,1.6529965692917342e-14,1.1975115079725436e-14,1.886788752499512e-14,1.1500113462474272e-14
run,2,CCP30,training q90 vs OOS q90,265,1.2513822764133005,1.2981743537266466,0.37793864096013285,1.2513822764133005,1.2981743537266466,0.37793864096013285,4.470533754524395,3.6966615943420025,3.2395041228600836,4.471784268438733,3.6966615943420025,3.2377711640856988,0.0,0.0,0.0,0.0,0.0,0.0
run,3,EV,training direct-expected-input vs OOS mean,270,1.2669299884667158,1.283395066015635,0.14384278708529374,1.2669299884667158,1.283395066015635,0.14384278708529374,16.246754446663147,16.44548628303686,1.886850079602748,16.246754446663147,16.44548628303686,1.886850079602748,-2.3628389858282106e-15,0.0,1.6934401214660276e-14,1.0959560683783577e-14,0.0,1.3107983215060464e-14
run,3,CCP30,training q90 vs OOS q90,277,0.15850854945231832,0.18971850653485064,0.3132468364432397,0.2962181653501314,0.318568392646638,0.18782027147188088,4.834770061054085,5.17716303467439,3.658370048886761,5.46274629914754,5.17716303467439,2.625575391196343,0.0,0.0,0.0,0.0,0.0,0.0
run,4,EV,training direct-expected-input vs OOS mean,270,1.099306988989068,1.201707477637981,0.20537302009501499,1.099306988989068,1.201707477637981,0.20537302009501499,14.371715657090048,14.484181935393627,1.8030312847441758,14.371715657090048,14.484181935393627,1.8030312847441758,-1.5872549656465437e-15,0.0,1.7214832448878438e-14,1.2697679388971635e-14,1.837325842870224e-14,1.1706782924668188e-14
run,4,CCP30,training q90 vs OOS q90,199,1.5034163885227794,1.5347018500131848,0.2102559829208834,1.5034163885227794,1.5347018500131848,0.2102559829208834,5.750135472806229,7.338182264619668,2.5840503051563464,5.750135472806229,7.338182264619668,2.5840503051563464,0.0,0.0,0.0,0.0,0.0,0.0
run,5,EV,training direct-expected-input vs OOS mean,257,1.3572760048070767,1.4271163531554325,0.15780615775509693,1.3572760048070767,1.4271163531554325,0.15780615775509693,14.742316774257075,15.337634433334877,2.3523822442288584,14.742316774257075,15.337634433334877,2.3523822442288584,9.940394173092069e-16,0.0,1.8673375766211625e-14,1.3735045690370235e-14,1.945516898341939e-14,1.2660905841616225e-14
run,5,CCP30,training q90 vs OOS q90,257,1.0633792135000284,1.0750310397740366,0.19685691104654374,1.0633792135000284,1.0750310397740366,0.19685691104654374,8.257262943359969,8.655222916172235,1.5170927299146684,8.257262943359969,8.655222916172235,1.5170927299146684,0.0,0.0,0.0,0.0,0.0,0.0
run,6,EV,training direct-expected-input vs OOS mean,271,1.2377361485212122,1.1599964639180005,0.1718113071145316,1.2377361485212122,1.1599964639180005,0.1718113071145316,16.344646920027984,16.760010882617056,1.3355687196165773,16.344646920027984,16.760010882617056,1.3355687196165773,6.986849214981444e-16,0.0,1.6936228255389946e-14,1.1988628755202887e-14,1.8823050074869415e-14,1.1961030627646117e-14
run,6,CCP30,training q90 vs OOS q90,264,1.6689309298329804,1.6798660733687074,0.250296746161164,1.6689309298329804,1.6798660733687074,0.250296746161164,6.287891376773886,6.466866244526361,3.0699971200274483,6.287891376773886,6.466866244526361,3.0699971200274483,0.0,0.0,0.0,0.0,0.0,0.0
run,7,EV,training direct-expected-input vs OOS mean,276,1.440870362095654,1.4534019801306581,0.08142300040048908,1.440870362095654,1.4534019801306581,0.08142300040048908,13.162904354260476,13.802673002597778,2.7675689418051865,13.162904354260476,13.802673002597778,2.7675689418051865,-8.044269640086853e-16,0.0,1.652834929613192e-14,1.2496679804903653e-14,1.992264328418775e-14,1.0821316931298428e-14
run,7,CCP30,training q90 vs OOS q90,269,0.9789787063422432,1.0245986738997865,0.2536617973702081,0.9789787063422432,1.0245986738997865,0.2536617973702081,3.7755042904981972,4.376532739587972,2.650675654642241,3.9995509161605716,4.376532739587972,2.2973042106872117,0.0,0.0,0.0,0.0,0.0,0.0
run,8,EV,training direct-expected-input vs OOS mean,268,1.2038518422548967,1.2671815837921605,0.1794180615585729,1.2038518422548967,1.2671815837921605,0.1794180615585729,14.410836082500502,14.72309763233768,2.3420577701659844,14.410836082500502,14.72309763233768,2.3420577701659844,4.62265272146673e-16,0.0,1.6177831580807e-14,1.1635633468973104e-14,1.7982294353099553e-14,1.1226828889493624e-14
run,8,CCP30,training q90 vs OOS q90,277,1.8269787123393606,1.8988775472282626,0.38537472626534874,1.8269787123393606,1.8988775472282626,0.38537472626534874,5.606413870181039,6.043519014039,1.9215092598017711,5.606413870181039,6.043519014039,1.9215092598017711,0.0,0.0,0.0,0.0,0.0,0.0
run,9,EV,training direct-expected-input vs OOS mean,265,1.1063043073698684,0.9929885537264345,0.2095912758465286,1.1063043073698684,0.9929885537264345,0.2095912758465286,14.161815357331124,14.219064045324805,1.1785489386486723,14.161815357331124,14.219064045324805,1.1785489386486723,-6.985210112268816e-16,0.0,1.4692888009889503e-14,9.774644568526519e-15,0.0,1.0975661874972176e-14
run,9,CCP30,training q90 vs OOS q90,199,0.9333800226084161,0.9397242769257457,0.263913600900494,0.9333800226084161,0.9397242769257457,0.263913600900494,7.705121072666804,8.59865908029471,3.253874493402572,7.784011188406782,8.59865908029471,3.0593444347982492,0.0,0.0,0.0,0.0,0.0,0.0
run,10,EV,training direct-expected-input vs OOS mean,257,1.351843109378898,1.360221211190264,0.06964981963295597,1.351843109378898,1.360221211190264,0.06964981963295597,13.803594229555996,13.970526369076445,1.3470375340568983,13.817885557688419,13.970526369076445,1.1908906348113266,4.629896149705929e-16,0.0,1.7863501145279578e-14,1.2613846843392576e-14,1.956908696928819e-14,1.2632862607348387e-14
run,10,CCP30,training q90 vs OOS q90,257,0.14073114904404221,0.21332536398039198,0.37038215107869316,0.3339003642211264,0.30899451775443604,0.21246317216810373,6.501675569741967,7.0819109999612015,2.8387395889045672,6.501675569741967,7.0819109999612015,2.8387395889045672,0.0,0.0,0.0,0.0,0.0,0.0
run,11,EV,training direct-expected-input vs OOS mean,236,1.1728917799716065,1.1638037038467068,0.17268405778201507,1.1728917799716065,1.1638037038467068,0.17268405778201507,15.706796535310996,16.215324475164888,1.6518241130248663,15.706796535310996,16.215324475164888,1.6518241130248663,-4.400870520696328e-16,0.0,1.3665365835716733e-14,8.760229418418646e-15,0.0,1.048181972021199e-14
run,11,CCP30,training q90 vs OOS q90,269,1.0784825697148068,1.0247439075110119,0.3095043103156881,1.0784825697148068,1.0247439075110119,0.3095043103156881,6.899567495149201,7.015467507477497,2.322739465440879,6.90353659830655,7.015467507477497,2.3108717521995255,0.0,0.0,0.0,0.0,0.0,0.0
run,12,EV,training direct-expected-input vs OOS mean,232,1.4260814202219867,1.4188149326245445,0.09570769475189972,1.4260814202219867,1.4188149326245445,0.09570769475189972,13.94090309937957,14.274242723307319,2.5268678386869037,13.94090309937957,14.274242723307319,2.5268678386869037,-2.724570729845835e-15,0.0,1.566743638711157e-14,1.0258371562236173e-14,0.0,1.213401160710821e-14
run,12,CCP30,training q90 vs OOS q90,227,0.8155136370144235,0.7983758777979081,0.3180667473082766,0.8172939690070493,0.7983758777979081,0.31344322222657695,8.24267745545057,8.343315154555745,2.4920973712452326,8.36426380321036,8.343315154555745,2.0451008678493796,0.0,0.0,0.0,0.0,0.0,0.0
run,13,EV,training direct-expected-input vs OOS mean,282,1.037846579240648,1.018697072141467,0.2308296808999028,1.037846579240648,1.018697072141467,0.2308296808999028,14.267119675196264,14.798565241374728,1.8935267398287041,14.267119675196264,14.798565241374728,1.8935267398287041,-1.4590768687111048e-15,0.0,1.408010006510613e-14,1.0193321198907638e-14,1.62818118056001e-14,9.803679812255317e-15
run,13,CCP30,training q90 vs OOS q90,265,1.0986353186909164,1.057418408334061,0.2082608697036656,1.0986353186909164,1.057418408334061,0.2082608697036656,6.256625862258788,6.657313087601622,2.5737561510873292,6.256625862258788,6.657313087601622,2.5737561510873292,0.0,0.0,0.0,0.0,0.0,0.0
run,14,EV,training direct-expected-input vs OOS mean,277,1.3510780899276484,1.362661746631787,0.18612168029736537,1.3510780899276484,1.362661746631787,0.18612168029736537,14.317182937459576,14.630268994721096,1.5207535238260783,14.317182937459576,14.630268994721096,1.5207535238260783,-3.3714617511282487e-16,0.0,1.6726022233700685e-14,1.2032899635716863e-14,1.769703713190632e-14,1.1599940586542737e-14
run,14,CCP30,training q90 vs OOS q90,253,0.9338177459783504,1.0388426254192753,0.3969725497325399,0.9476669146706364,1.0388426254192753,0.36252835198967376,8.643529906785666,8.87657335366437,1.5342936316564997,8.643529906785666,8.87657335366437,1.5342936316564997,0.0,0.0,0.0,0.0,0.0,0.0
run,15,EV,training direct-expected-input vs OOS mean,268,1.3986012264226926,1.3964341715041737,0.10839696184302663,1.3986012264226926,1.3964341715041737,0.10839696184302663,10.84595560984206,12.694204165289394,4.096729962365616,10.873420719180066,12.694204165289394,4.022988585953657,-1.2904797152251049e-15,0.0,1.5940180230506405e-14,9.891590641303203e-15,0.0,1.2551928145935163e-14
run,15,CCP30,training q90 vs OOS q90,259,1.1188462907383752,1.2233260262481471,0.34936319621968864,1.1188462907383752,1.2233260262481471,0.34936319621968864,6.448617089272708,6.645568244744392,1.3724972824565387,6.448617089272708,6.645568244744392,1.3724972824565387,0.0,0.0,0.0,0.0,0.0,0.0
run,16,EV,training direct-expected-input vs OOS mean,268,1.364713017207959,1.3405619855222684,0.10114407521849818,1.364713017207959,1.3405619855222684,0.10114407521849818,13.466026073580457,13.142608087165183,1.0289108555879243,13.466026073580457,13.142608087165183,1.0289108555879243,1.387813034974244e-15,0.0,1.4975478151710927e-14,9.303089784913568e-15,0.0,1.180366710220336e-14
run,16,CCP30,training q90 vs OOS q90,251,0.41418394072365566,0.42704938432759815,0.40125564557818005,0.49741069345014816,0.4329482174912108,0.29126200517465506,3.3685570140212073,3.21094777119278,3.9306434905014536,4.129718515493463,4.054282970992309,3.1176481511359486,0.0,0.0,0.0,0.0,0.0,0.0
run,17,EV,training direct-expected-input vs OOS mean,272,1.2125994398570477,1.2505423195565089,0.1504088078754996,1.2125994398570477,1.2505423195565089,0.1504088078754996,15.196888676742006,15.230876648224852,1.5094233370511194,15.196888676742006,15.230876648224852,1.5094233370511194,-1.839357722717469e-15,0.0,1.5347163792633773e-14,1.0712843363398414e-14,1.822996505242029e-14,1.1123967705702628e-14
run,17,CCP30,training q90 vs OOS q90,254,1.646333177884168,1.814440195959782,0.49369005935254373,1.646333177884168,1.814440195959782,0.49369005935254373,5.088077593643622,5.106754237723876,2.6060616707296163,5.088077593643622,5.106754237723876,2.6060616707296163,0.0,0.0,0.0,0.0,0.0,0.0
run,18,EV,training direct-expected-input vs OOS mean,226,1.2195183034400021,1.3617235268946764,0.31377801297498337,1.2195183034400021,1.3617235268946764,0.31377801297498337,12.05953884236846,13.812600410139211,5.327928888185447,12.349695624669618,13.812600410139211,4.612249289281277,4.4315941244914336e-16,0.0,1.4687045438432613e-14,1.0031171955122498e-14,0.0,1.0716106402247338e-14
run,18,CCP30,training q90 vs OOS q90,264,0.17276695149534654,0.1717129593018924,0.39342957078326274,0.3580385168811103,0.3289981386526931,0.23679049550202838,6.982422428117259,7.285507117373328,2.092051763780865,6.98296102882766,7.285507117373328,2.0902464488712944,0.0,0.0,0.0,0.0,0.0,0.0
run,19,EV,training direct-expected-input vs OOS mean,267,1.3237173909850866,1.3321546174564995,0.1134101646715473,1.3237173909850866,1.3321546174564995,0.1134101646715473,14.945679874117355,14.946186946641923,1.4217323815120162,14.945679874117355,14.946186946641923,1.4217323815120162,5.045046092273361e-17,0.0,1.9565730077335775e-14,1.583091486844704e-14,1.9665701854669828e-14,1.1456889205966618e-14
run,19,CCP30,training q90 vs OOS q90,274,1.6655738766354706,1.7873796483543458,0.3471636381142116,1.6655738766354706,1.7873796483543458,0.3471636381142116,5.981247786977398,5.977571895997983,3.151365643278277,5.991095713120072,5.977571895997983,3.132534243207765,0.0,0.0,0.0,0.0,0.0,0.0
run,20,EV,training direct-expected-input vs OOS mean,272,1.3269320711042627,1.3284854497161345,0.20038057027250533,1.3269320711042627,1.3284854497161345,0.20038057027250533,15.370463285889826,16.441323216283067,2.952462602171911,15.370463285889826,16.441323216283067,2.952462602171911,1.7775297673861035e-16,0.0,1.501829214064189e-14,8.152579637938774e-15,0.0,1.2604403997044763e-14
run,20,CCP30,training q90 vs OOS q90,271,2.107475123899626,2.170352509674907,0.28142118756882817,2.107475123899626,2.170352509674907,0.28142118756882817,9.124348417774012,9.536117156829098,2.971477307657993,9.286310160919012,9.536117156829098,2.4159493470622815,0.0,0.0,0.0,0.0,0.0,0.0
run,21,EV,training direct-expected-input vs OOS mean,265,1.179453366560364,1.1142372250649304,0.15493524407112919,1.179453366560364,1.1142372250649304,0.15493524407112919,17.93501052752013,18.16286160045587,1.4459641959237899,17.93501052752013,18.16286160045587,1.4459641959237899,-6.437618122070006e-16,0.0,1.6014405320891815e-14,1.0716055047457529e-14,0.0,1.1899931278359803e-14
run,21,CCP30,training q90 vs OOS q90,250,0.7682572874743296,0.798852948620939,0.19316103427946987,0.7682572874743296,0.798852948620939,0.19316103427946987,8.132231908479323,8.155204688351654,2.8813228966834497,8.132231908479323,8.155204688351654,2.8813228966834497,0.0,0.0,0.0,0.0,0.0,0.0
run,22,EV,training direct-expected-input vs OOS mean,268,1.2983515358318003,1.2724417745481622,0.11689989663248807,1.2983515358318003,1.2724417745481622,0.11689989663248807,15.670861534375037,16.148331442258943,1.43486612257326,15.670861534375037,16.148331442258943,1.43486612257326,1.3413463378541162e-15,0.0,1.6917463100586264e-14,1.1438358756251783e-14,9.448278903746308e-15,1.2517205465766581e-14
run,22,CCP30,training q90 vs OOS q90,251,1.2914552585819938,1.2760131085474598,0.4471713272983223,1.2914552585819938,1.2760131085474598,0.4471713272983223,8.326736315147658,8.157006232839603,1.1500662065503988,8.326736315147658,8.157006232839603,1.1500662065503988,0.0,0.0,0.0,0.0,0.0,0.0
run,23,EV,training direct-expected-input vs OOS mean,275,1.1327463463218226,1.159602758164401,0.17305931107111336,1.1327463463218226,1.159602758164401,0.17305931107111336,14.377735689966967,14.528053788416054,1.5865219063283378,14.377735689966967,14.528053788416054,1.5865219063283378,-4.216980377005981e-16,0.0,1.56139077498571e-14,1.2052674187610158e-14,1.7414715964118565e-14,9.90835339631627e-15
run,23,CCP30,training q90 vs OOS q90,270,0.680954672838558,0.6721162613369509,0.8564827009193342,0.8937766741123377,0.680942662658949,0.6302216086597505,5.55131568036629,6.044910517676852,2.9228654889366608,5.555042679299036,6.044910517676852,2.9157495437548007,0.0,0.0,0.0,0.0,0.0,0.0
run,24,EV,training direct-expected-input vs OOS mean,277,1.2041974032841785,1.196507008101303,0.0763362393607132,1.2041974032841785,1.196507008101303,0.0763362393607132,15.244966211451176,15.613530895636565,1.8256180686817547,15.244966211451176,15.613530895636565,1.8256180686817547,7.488371910087944e-16,0.0,1.7046306231313638e-14,1.3156566296948147e-14,1.8915680910374428e-14,1.0835910281020558e-14
run,24,CCP30,training q90 vs OOS q90,233,1.457623431149559,1.4789960420376453,0.1504757536954856,1.457623431149559,1.4789960420376453,0.1504757536954856,6.701359524989436,8.751323412841021,3.596917981220345,6.702546080284784,8.751323412841021,3.5946969183339585,0.0,0.0,0.0,0.0,0.0,0.0
run,25,EV,training direct-expected-input vs OOS mean,259,1.211605715866555,1.1055060931418967,0.19160256515055504,1.211605715866555,1.1055060931418967,0.19160256515055504,14.2121898503527,14.382459165835755,1.5033742016563134,14.2121898503527,14.382459165835755,1.5033742016563134,-1.0577191489263709e-15,0.0,1.4858984868264563e-14,1.0494158470254586e-14,1.7886458147875423e-14,1.0552645411992472e-14
run,25,CCP30,training q90 vs OOS q90,271,1.001793980145842,1.0186608794193495,0.14576455378892894,1.001793980145842,1.0186608794193495,0.14576455378892894,4.858693574442105,4.898665185882918,1.7363486424075991,4.8647697155310015,4.898665185882918,1.719187789088286,0.0,0.0,0.0,0.0,0.0,0.0
run,26,EV,training direct-expected-input vs OOS mean,283,1.2177082838192663,1.304849700880787,0.20414089107002883,1.2177082838192663,1.304849700880787,0.20414089107002883,16.466927064455277,16.52294333933012,1.246343404450627,16.466927064455277,16.52294333933012,1.246343404450627,-1.3716406767690863e-15,0.0,1.5232950937178898e-14,1.1181731222367323e-14,1.7943409618470136e-14,1.0414239201902435e-14
run,26,CCP30,training q90 vs OOS q90,259,1.3349412794685283,1.279894726512991,0.3916829682958995,1.3349412794685283,1.279894726512991,0.3916829682958995,8.707416603558496,8.636439168966561,1.2858160542804256,8.707416603558496,8.636439168966561,1.2858160542804256,0.0,0.0,0.0,0.0,0.0,0.0
run,27,EV,training direct-expected-input vs OOS mean,265,1.3801676048413283,1.3966113062056178,0.1425794421474297,1.3801676048413283,1.3966113062056178,0.1425794421474297,16.700693106451922,16.944288683430045,1.2913194043149265,16.700693106451922,16.944288683430045,1.2913194043149265,1.16684228653527e-15,0.0,1.5503828062577908e-14,1.0856062596912237e-14,1.9211354216367908e-14,1.1110123791247427e-14
run,27,CCP30,training q90 vs OOS q90,273,1.1549797099789807,1.2016144651521232,0.2532632609648859,1.1549797099789807,1.2016144651521232,0.2532632609648859,6.9799287829064385,7.252605363217334,2.0724615730501177,6.9799287829064385,7.252605363217334,2.0724615730501177,0.0,0.0,0.0,0.0,0.0,0.0
run,28,EV,training direct-expected-input vs OOS mean,275,1.0344906292313105,0.9813205229280096,0.1209862715696895,1.0344906292313105,0.9813205229280096,0.1209862715696895,15.213218107987947,15.77706652408426,1.8888804759006321,15.213218107987947,15.77706652408426,1.8888804759006321,4.43417079686191e-16,0.0,1.5512921752005875e-14,1.0706437420696678e-14,1.633179258191217e-14,1.1216145759146361e-14
run,28,CCP30,training q90 vs OOS q90,267,0.7393472152910618,0.7319293094369512,0.3973746778015924,0.7393472152910618,0.7319293094369512,0.3973746778015924,4.612061051495262,5.563463748935888,3.131485614767608,4.682259764241739,5.563463748935888,3.0251115650909335,0.0,0.0,0.0,0.0,0.0,0.0
run,29,EV,training direct-expected-input vs OOS mean,265,1.240673947766841,1.164752189774128,0.15950628515661391,1.240673947766841,1.164752189774128,0.15950628515661391,14.586121822080354,15.56267138413511,1.9961351529497577,14.586121822080354,15.56267138413511,1.9961351529497577,-1.465027432708517e-15,0.0,1.7027955660578724e-14,1.293488603159833e-14,1.8552037680666007e-14,1.1142741036908496e-14
run,29,CCP30,training q90 vs OOS q90,266,0.8632965684428153,0.9607786461281798,0.2855420224546594,0.8632965684428153,0.9607786461281798,0.2855420224546594,7.087864785678167,7.608762682261942,2.6493377347202633,7.087864785678167,7.608762682261942,2.6493377347202633,0.0,0.0,0.0,0.0,0.0,0.0
run,30,EV,training direct-expected-input vs OOS mean,239,1.176620202797796,1.216833465528038,0.13431064427459835,1.176620202797796,1.216833465528038,0.13431064427459835,14.371106095817977,14.344440927183722,0.9713295477441098,14.371106095817977,14.344440927183722,0.9713295477441098,1.0317925370880096e-15,0.0,1.7489837117508393e-14,1.3466472749904104e-14,1.9007162748682985e-14,1.1173881397726216e-14
run,30,CCP30,training q90 vs OOS q90,262,0.07085156539124839,0.27390893213176015,0.4649246479358836,0.4167281057930859,0.4119422520322224,0.2164865332318808,2.551750390708761,2.4766105974944144,2.7296407873348905,2.9103081186538735,2.761373296256851,2.34200167551165,0.0,0.0,0.0,0.0,0.0,0.0
method,,EV,training direct-expected-input vs OOS mean,7935,1.247652109262501,1.27478112848736,0.19802781053828852,1.247652109262501,1.27478112848736,0.19802781053828852,14.804127050121785,15.134615744640511,2.502843348399095,14.813781612621177,15.134615744640511,2.445044137742548,-3.168789618046506e-16,0.0,1.624401730624515e-14,1.1457524580483225e-14,1.784415732641514e-14,1.1518554935561327e-14
method,,CCP30,training q90 vs OOS q90,7729,1.0274418076717309,1.042392952504475,0.6223487556901247,1.0674963074868522,1.0436183662942604,0.5508134141646485,6.213212329994841,6.838267357353296,3.147673946294159,6.296779284456676,6.838646111390904,2.9769605465063385,0.0,0.0,0.0,0.0,0.0,0.0
