role,seed,S,objective,solution_count,mean_coverage,median_coverage,p05_coverage,p95_coverage,min_coverage,max_coverage,mean_abs_gap_pp,mean_signed_error_pct,below_90_count,above_90_count,equal_90_count
original_training,920001,30,cost,263,0.8074570342205323,0.8112,0.7708999999999999,0.83038,0.7532,0.8646,9.25429657794677,-1.087340456314874,263,0,0
original_training,920001,30,emission,263,0.841961216730038,0.8418,0.80526,0.8689399999999999,0.791,0.8856,5.8038783269962,-0.0348169792082316,263,0,0
original_training,920001,30,makespan,263,0.8474235741444867,0.8332,0.81442,0.9177799999999999,0.7556,0.9452,5.840608365019012,-3.1281213348212473,221,42,0
independent_reestimate,940001,30,cost,263,0.8376593155893536,0.8302,0.77286,0.934,0.7492,0.9474,7.227224334600761,-0.6899103789107712,220,43,0
independent_reestimate,940001,30,emission,263,0.9034722433460076,0.9038,0.88922,0.9157799999999999,0.881,0.9218,0.7555893536121666,0.002655394638530736,93,168,2
independent_reestimate,940001,30,makespan,263,0.8797338403041826,0.8656,0.79604,0.94834,0.7792,0.9556,4.944182509505704,-1.7057874453320392,156,107,0
independent_reestimate,940001,100,cost,263,0.8750768060836501,0.8756,0.8312,0.92612,0.7898,0.9298,3.1581749049429675,-0.2945798477078055,213,49,1
independent_reestimate,940001,100,emission,263,0.9173079847908746,0.9176,0.90602,0.9262,0.8954,0.9332,1.7368821292775642,0.012580764966293246,3,260,0
independent_reestimate,940001,100,makespan,263,0.8838692015209126,0.873,0.851,0.931,0.8432,0.948,2.6031939163498103,-1.198655038712154,182,81,0
independent_reestimate,940001,300,cost,263,0.8998220532319391,0.8976,0.88022,0.92468,0.8694,0.9298,1.0144486692015215,0.020255218772327818,147,114,2
independent_reestimate,940001,300,emission,263,0.8913414448669201,0.891,0.8836200000000001,0.89878,0.881,0.906,0.8758935361216755,-0.005898077866192179,255,7,1
independent_reestimate,940001,300,makespan,263,0.9036433460076047,0.9058,0.8879,0.91794,0.8842,0.9224,0.8318631178707221,-0.05526797352919272,81,181,1
independent_reestimate,940002,30,cost,263,0.8881984790874525,0.8946,0.8412999999999999,0.91398,0.831,0.923,1.731482889733841,-0.14227822223519268,167,96,0
independent_reestimate,940002,30,emission,263,0.868748288973384,0.8714,0.832,0.8926,0.819,0.9018,3.1265399239543754,-0.019513298716289297,262,1,0
independent_reestimate,940002,30,makespan,263,0.8736798479087452,0.8616,0.84286,0.9174,0.8238,0.923,3.2993916349809895,-1.0954605069880203,193,70,0
independent_reestimate,940002,100,cost,263,0.9202091254752852,0.922,0.8999,0.9347799999999999,0.8844,0.9396,2.083726235741443,0.3629013004827959,14,249,0
independent_reestimate,940002,100,emission,263,0.8866958174904943,0.887,0.8756,0.89738,0.8672,0.9042,1.338935361216732,-0.00906444384025094,258,5,0
independent_reestimate,940002,100,makespan,263,0.8959110266159696,0.8868,0.8586,0.939,0.8472,0.9462,2.10532319391635,0.08054353787806842,181,82,0
independent_reestimate,940002,300,cost,263,0.8867581749049429,0.8864,0.87442,0.8986,0.8708,0.9042,1.3322433460076066,-0.18336898866429713,258,5,0
independent_reestimate,940002,300,emission,263,0.8866821292775666,0.8866,0.87822,0.8954,0.8744,0.8994,1.3317870722433482,-0.009043359934338429,263,0,0
independent_reestimate,940002,300,makespan,263,0.9094174904942967,0.911,0.8882,0.9257399999999999,0.8882,0.9434,1.3893536121672996,0.24780286632646123,63,200,0
independent_reestimate,940003,30,cost,263,0.9495825095057033,0.9514,0.92784,0.96378,0.9152,0.9662,4.95825095057034,1.133571719036105,0,263,0
independent_reestimate,940003,30,emission,263,0.9149087452471483,0.916,0.89052,0.93338,0.8742,0.949,1.7393916349809877,0.011224652229550616,37,224,2
independent_reestimate,940003,30,makespan,263,0.9007216730038023,0.8996,0.87224,0.9284,0.8592,0.9432,1.2683650190114075,-0.06935242348112611,149,106,8
independent_reestimate,940003,100,cost,263,0.9284920152091255,0.9302,0.91122,0.9419599999999999,0.901,0.947,2.849201520912545,0.5237818314510417,0,263,0
independent_reestimate,940003,100,emission,263,0.8680600760456274,0.8678,0.85662,0.8788,0.852,0.8872,3.1939923954372644,-0.020201823830703198,263,0,0
independent_reestimate,940003,100,makespan,263,0.9002365019011407,0.9,0.87894,0.91858,0.8534,0.9278,0.9019771863117871,-0.04456291354962657,130,119,14
independent_reestimate,940003,300,cost,263,0.9313330798479087,0.9322,0.9222400000000001,0.93916,0.915,0.9442,3.1333079847908722,0.5779780464604911,0,263,0
independent_reestimate,940003,300,emission,263,0.9139414448669201,0.914,0.907,0.9202,0.9032,0.9264,1.3941444866920132,0.009967057499991168,0,263,0
independent_reestimate,940003,300,makespan,263,0.908815969581749,0.9092,0.89744,0.9203,0.8934,0.9232,0.9447148288973375,0.1780173704353015,49,214,0
independent_reestimate,940004,30,cost,263,0.8941566539923955,0.8988,0.8504400000000001,0.92558,0.8436,0.935,1.8904942965779472,-0.06610749452881771,138,123,2
independent_reestimate,940004,30,emission,263,0.8873619771863118,0.889,0.86642,0.90598,0.8404,0.9238,1.4630418250950588,-0.008018193450868648,210,52,1
independent_reestimate,940004,30,makespan,263,0.8962517110266159,0.8956,0.86378,0.927,0.8286,0.932,1.4887452471482898,-0.15193070330801758,145,118,0
independent_reestimate,940004,100,cost,263,0.8943528517110266,0.894,0.8706200000000001,0.91496,0.8654,0.9256,1.2298098859315603,-0.07696405852129624,167,95,1
independent_reestimate,940004,100,emission,263,0.8817619771863118,0.8822,0.87086,0.89418,0.85,0.9052,1.8332319391635001,-0.011851113655876698,259,3,1
independent_reestimate,940004,100,makespan,263,0.8984722433460075,0.8986,0.8842,0.9138,0.8636,0.9224,0.7710266159695824,-0.16689753347524316,161,97,5
independent_reestimate,940004,300,cost,263,0.8923893536121673,0.8928,0.877,0.90638,0.8694,0.9148,0.946007604562739,-0.10993211003439593,208,53,2
independent_reestimate,940004,300,emission,263,0.8945346007604563,0.8952,0.887,0.9006,0.875,0.907,0.5859315589353637,-0.0036978277682516575,235,21,7
independent_reestimate,940004,300,makespan,263,0.9010190114068442,0.9014,0.8857200000000001,0.91694,0.884,0.9274,0.8661596958174904,0.06066234248469229,123,140,0
independent_reestimate,940005,30,cost,263,0.8966190114068442,0.9078,0.8329,0.9315599999999999,0.817,0.9488,2.4313307984790864,0.03979942155601863,107,156,0
independent_reestimate,940005,30,emission,263,0.8409391634980989,0.8404,0.81982,0.86278,0.7958,0.8764,5.906083650190117,-0.035544736296103996,263,0,0
independent_reestimate,940005,30,makespan,263,0.9209733840304182,0.9298,0.8672,0.9508,0.8354,0.9556,3.0778707224334583,0.8040113759008568,47,216,0
independent_reestimate,940005,100,cost,263,0.9077239543726235,0.9078,0.88146,0.9284,0.8688,0.934,1.3308745247148281,0.15402881606607227,64,199,0
independent_reestimate,940005,100,emission,263,0.9235505703422053,0.9238,0.90364,0.93978,0.891,0.9494,2.3851711026615945,0.017853617729656147,10,252,1
independent_reestimate,940005,100,makespan,263,0.9112167300380227,0.9162,0.8896,0.92916,0.8748,0.9386,1.50889733840304,0.37297596083616846,49,214,0
independent_reestimate,940005,300,cost,263,0.8928532319391635,0.8928,0.8808,0.90638,0.8738,0.9168,0.8977946768060852,-0.10224582896838938,216,47,0
independent_reestimate,940005,300,emission,263,0.9142311787072244,0.9146,0.9036,0.9226,0.8972,0.9276,1.4255513307984768,0.01025359745446614,2,261,0
independent_reestimate,940005,300,makespan,263,0.9079733840304182,0.9068,0.89722,0.921,0.8908,0.927,0.8815969581749036,0.2693269697638994,36,227,0
independent_reestimate,940006,30,cost,263,0.8437954372623575,0.8548,0.77228,0.8913599999999999,0.7538,0.9188,5.65984790874525,-0.7073158825949141,258,5,0
independent_reestimate,940006,30,emission,263,0.8741923954372623,0.874,0.85484,0.89498,0.8428,0.9066,2.598250950570344,-0.016407874899907436,257,6,0
independent_reestimate,940006,30,makespan,263,0.8558380228136881,0.8586,0.7962600000000001,0.8858,0.792,0.9058,4.424714828897341,-2.1803063479728233,260,3,0
independent_reestimate,940006,100,cost,263,0.8569688212927756,0.8554,0.8408,0.88478,0.8246,0.9006,4.303574144486695,-0.5680151130999141,262,1,0
independent_reestimate,940006,100,emission,263,0.8645482889733841,0.8636,0.8524200000000001,0.88056,0.8424,0.8888,3.545171102661599,-0.022286894591703153,263,0,0
independent_reestimate,940006,100,makespan,263,0.9050661596958175,0.9038,0.8924,0.9192,0.8876,0.9344,0.7472243346007599,0.16917280574637464,91,172,0
independent_reestimate,940006,300,cost,263,0.8638045627376427,0.8636,0.852,0.8746,0.8416,0.8814,3.6195437262357433,-0.48709374808307193,263,0,0
independent_reestimate,940006,300,emission,263,0.89766463878327,0.8978,0.88924,0.9056,0.8818,0.9146,0.4476806083650201,-0.0016125608823081912,183,77,3
independent_reestimate,940006,300,makespan,263,0.8967209125475285,0.9002,0.87202,0.913,0.861,0.9184,1.1034220532319399,-0.22806422545720553,130,132,1
independent_reestimate,940007,30,cost,263,0.9603923954372623,0.9582,0.94726,0.9734,0.9424,0.9786,6.039239543726233,1.461590565737786,0,263,0
independent_reestimate,940007,30,emission,263,0.8080806083650189,0.8046,0.77862,0.84812,0.7692,0.8606,9.1919391634981,-0.052221930357620745,263,0,0
independent_reestimate,940007,30,makespan,263,0.9251840304182509,0.9258,0.88946,0.9527599999999999,0.8804,0.9578,2.755665399239542,0.9038507895220299,44,219,0
independent_reestimate,940007,100,cost,263,0.9249589353612166,0.9306,0.89564,0.9425399999999999,0.875,0.9482,2.6358174904942953,0.4843684183685508,26,236,1
independent_reestimate,940007,100,emission,263,0.8948745247148289,0.8958,0.8792,0.90906,0.8724,0.9204,0.8149049429657806,-0.0036102378740523974,185,76,2
independent_reestimate,940007,100,makespan,263,0.8981589353612167,0.9068,0.84568,0.919,0.835,0.9318,1.7222053231939156,-0.25514104000854043,87,176,0
independent_reestimate,940007,300,cost,263,0.9032296577946768,0.9034,0.8946,0.9122,0.8836,0.9176,0.5295057034220524,0.05167090225037531,73,188,2
independent_reestimate,940007,300,emission,263,0.9054038022813687,0.9058,0.8972,0.91358,0.8906,0.9204,0.6217490494296569,0.00399193059251135,47,214,2
independent_reestimate,940007,300,makespan,263,0.9110684410646387,0.9146,0.8942,0.92298,0.8746,0.9302,1.3489733840304168,0.20977806754279252,53,210,0
independent_reestimate,940008,30,cost,263,0.8149026615969583,0.8114,0.7876,0.85738,0.7468,0.8746,8.509733840304184,-1.0191142545112721,263,0,0
independent_reestimate,940008,30,emission,263,0.8962121673003802,0.896,0.87826,0.9135599999999999,0.8708,0.926,0.8926996197718637,-0.0021583759527914453,170,92,1
independent_reestimate,940008,30,makespan,263,0.9145285171102661,0.9156,0.8916,0.938,0.8804,0.9418,1.6673003802281348,0.26257214955421637,29,232,2
independent_reestimate,940008,100,cost,263,0.8775657794676807,0.8796,0.852,0.8982,0.8424,0.9104,2.265627376425858,-0.2999039789139812,256,7,0
independent_reestimate,940008,100,emission,263,0.9009992395437262,0.9016,0.88402,0.9167399999999999,0.8788,0.9226,0.7367300380228134,0.0008230575344617795,118,144,1
independent_reestimate,940008,100,makespan,263,0.8894524714828898,0.8878,0.87562,0.9045799999999999,0.8562,0.9136,1.1633460076045645,-0.3455057241035489,236,27,0
independent_reestimate,940008,300,cost,263,0.9121026615969581,0.912,0.9,0.923,0.8952,0.926,1.2289733840304167,0.206714328899121,13,248,2
independent_reestimate,940008,300,emission,263,0.882603041825095,0.8824,0.87546,0.8918,0.8718,0.902,1.7412167300380248,-0.011454125303557511,262,1,0
independent_reestimate,940008,300,makespan,263,0.8924570342205322,0.8912,0.8848,0.9038,0.8764,0.9128,0.8511787072243362,-0.30416776484692726,233,27,3
independent_reestimate,940009,30,cost,263,0.9359186311787072,0.9368,0.9198,0.95236,0.9078,0.9594,3.5918631178707194,0.7049049128778506,0,263,0
independent_reestimate,940009,30,emission,263,0.8220304182509507,0.8208,0.80206,0.84712,0.7878,0.8664,7.796958174904946,-0.04545049929531652,263,0,0
independent_reestimate,940009,30,makespan,263,0.8326372623574145,0.8284,0.7758,0.8890999999999999,0.77,0.8998,6.7362737642585575,-3.053224743920383,263,0,0
independent_reestimate,940009,100,cost,263,0.8997269961977186,0.9022,0.87482,0.9186,0.8678,0.934,1.2840304182509503,0.008623593119923065,118,143,2
independent_reestimate,940009,100,emission,263,0.8496144486692015,0.85,0.83464,0.86478,0.8258,0.872,5.038555133079849,-0.0307231762178946,263,0,0
independent_reestimate,940009,100,makespan,263,0.8618114068441065,0.8586,0.8464,0.8887200000000001,0.8444,0.902,3.8246387832699638,-1.858433567315535,258,5,0
independent_reestimate,940009,300,cost,263,0.9075498098859315,0.9092,0.8932,0.9176,0.8838,0.922,0.9539163498098845,0.13273303705616668,49,214,0
independent_reestimate,940009,300,emission,263,0.8655186311787072,0.8646,0.8552,0.8774,0.8506,0.89,3.44813688212928,-0.021655242608474654,263,0,0
independent_reestimate,940009,300,makespan,263,0.9058509505703423,0.9068,0.8922,0.9178,0.8802,0.923,0.8153612167300367,0.17379152295586625,39,222,2
independent_reestimate,940010,30,cost,263,0.7957832699619771,0.7938,0.7555,0.84376,0.7254,0.874,10.421673003802285,-1.209085403675323,263,0,0
independent_reestimate,940010,30,emission,263,0.9029642585551331,0.9026,0.8928,0.9183399999999999,0.8868,0.926,0.5876806083650189,0.0022885437472480955,97,163,3
independent_reestimate,940010,30,makespan,263,0.8018273764258556,0.8174,0.7102,0.83652,0.6864,0.8542,9.817262357414451,-5.065540229184173,263,0,0
independent_reestimate,940010,100,cost,263,0.883368060836502,0.888,0.84168,0.9085,0.8324,0.9148,1.9185551330798494,-0.22485593788320157,202,60,1
independent_reestimate,940010,100,emission,263,0.899099619771863,0.8986,0.89002,0.90898,0.8834,0.9246,0.45961977186311875,-0.0005175187269070399,155,104,4
independent_reestimate,940010,100,makespan,263,0.9020760456273764,0.9044,0.8818,0.91418,0.8708,0.918,0.8372623574144487,0.0886997769432755,96,167,0
independent_reestimate,940010,300,cost,263,0.886787072243346,0.8856,0.86326,0.9095599999999999,0.8524,0.9132,1.5422813688212944,-0.18120423312332365,214,47,2
independent_reestimate,940010,300,emission,263,0.8782722433460075,0.8786,0.86822,0.88778,0.8618,0.8956,2.1727756653992416,-0.014130282133779684,263,0,0
independent_reestimate,940010,300,makespan,263,0.8982076045627376,0.9006,0.8776200000000001,0.913,0.8708,0.9172,0.8764258555133089,-0.12124743410400936,123,140,0
