solution_id,objective,stored,replayed,matches
formal-run-01-CCP30-solution-0000,cost,11788562.2349668,11788562.2349668,True
formal-run-01-CCP30-solution-0000,emission,9867569080.716173,9867569080.716173,True
formal-run-01-CCP30-solution-0000,makespan,574.7645130351591,574.7645130351591,True
formal-run-01-CCP30-solution-0001,cost,12157055.011015547,12157055.011015547,True
formal-run-01-CCP30-solution-0001,emission,9276720817.019875,9276720817.019875,True
formal-run-01-CCP30-solution-0001,makespan,574.7027832522273,574.7027832522273,True
formal-run-01-CCP30-solution-0002,cost,11946489.091051433,11946489.091051433,True
formal-run-01-CCP30-solution-0002,emission,10265703767.76069,10265703767.76069,True
formal-run-01-CCP30-solution-0002,makespan,528.5010677514558,528.5010677514558,True
formal-run-01-CCP30-solution-0003,cost,11901409.49039475,11901409.49039475,True
formal-run-01-CCP30-solution-0003,emission,10348641872.269222,10348641872.269222,True
formal-run-01-CCP30-solution-0003,makespan,532.3885269194767,532.3885269194767,True
formal-run-01-CCP30-solution-0004,cost,12312969.880761726,12312969.880761726,True
formal-run-01-CCP30-solution-0004,emission,9357385299.688814,9357385299.688814,True
formal-run-01-CCP30-solution-0004,makespan,553.1831612151473,553.1831612151473,True
formal-run-01-CCP30-solution-0005,cost,11921907.492471393,11921907.492471393,True
formal-run-01-CCP30-solution-0005,emission,9500993251.102613,9500993251.102613,True
formal-run-01-CCP30-solution-0005,makespan,574.7733331840851,574.7733331840851,True
formal-run-01-CCP30-solution-0006,cost,11884247.167108782,11884247.167108782,True
formal-run-01-CCP30-solution-0006,emission,9628127432.001411,9628127432.001411,True
formal-run-01-CCP30-solution-0006,makespan,569.4321537201096,569.4321537201096,True
formal-run-01-CCP30-solution-0007,cost,11819601.57574447,11819601.57574447,True
formal-run-01-CCP30-solution-0007,emission,9898254920.284924,9898254920.284924,True
formal-run-01-CCP30-solution-0007,makespan,562.9002955865794,562.9002955865794,True
formal-run-01-CCP30-solution-0009,cost,12003028.900340475,12003028.900340475,True
formal-run-01-CCP30-solution-0009,emission,10112531721.914612,10112531721.914612,True
formal-run-01-CCP30-solution-0009,makespan,529.1067539577374,529.1067539577374,True
formal-run-01-CCP30-solution-0010,cost,11823059.936570168,11823059.936570168,True
formal-run-01-CCP30-solution-0010,emission,9986345914.23956,9986345914.23956,True
formal-run-01-CCP30-solution-0010,makespan,536.6461741697174,536.6461741697174,True
formal-run-01-CCP30-solution-0011,cost,12009950.761521388,12009950.761521388,True
formal-run-01-CCP30-solution-0011,emission,9583386788.37928,9583386788.37928,True
formal-run-01-CCP30-solution-0011,makespan,545.7816027559023,545.7816027559023,True
formal-run-01-CCP30-solution-0012,cost,12216402.87082433,12216402.87082433,True
formal-run-01-CCP30-solution-0012,emission,9387483990.836115,9387483990.836115,True
formal-run-01-CCP30-solution-0012,makespan,550.9444389809082,550.9444389809082,True
formal-run-01-CCP30-solution-0013,cost,12192258.003861062,12192258.003861062,True
formal-run-01-CCP30-solution-0013,emission,9308175050.644833,9308175050.644833,True
formal-run-01-CCP30-solution-0013,makespan,556.2109218829078,556.2109218829078,True
formal-run-01-CCP30-solution-0014,cost,12000357.418517381,12000357.418517381,True
formal-run-01-CCP30-solution-0014,emission,9443839087.797522,9443839087.797522,True
formal-run-01-CCP30-solution-0014,makespan,559.81930594366,559.81930594366,True
formal-run-01-CCP30-solution-0015,cost,11984295.283061806,11984295.283061806,True
formal-run-01-CCP30-solution-0015,emission,9600513218.368977,9600513218.368977,True
formal-run-01-CCP30-solution-0015,makespan,541.5757374678153,541.5757374678153,True
formal-run-01-CCP30-solution-0016,cost,11889785.954758704,11889785.954758704,True
formal-run-01-CCP30-solution-0016,emission,9808722032.74006,9808722032.74006,True
formal-run-01-CCP30-solution-0016,makespan,533.1477939747391,533.1477939747391,True
formal-run-01-CCP30-solution-0017,cost,11892176.845920917,11892176.845920917,True
formal-run-01-CCP30-solution-0017,emission,9737362565.613625,9737362565.613625,True
formal-run-01-CCP30-solution-0017,makespan,545.1846669848811,545.1846669848811,True
formal-run-01-CCP30-solution-0019,cost,12276727.43788236,12276727.43788236,True
formal-run-01-CCP30-solution-0019,emission,9368860516.022024,9368860516.022024,True
formal-run-01-CCP30-solution-0019,makespan,552.8716169976149,552.8716169976149,True
formal-run-01-CCP30-solution-0021,cost,12007138.013313755,12007138.013313755,True
formal-run-01-CCP30-solution-0021,emission,9389467264.186546,9389467264.186546,True
formal-run-01-CCP30-solution-0021,makespan,562.9002955865794,562.9002955865794,True
formal-run-01-CCP30-solution-0022,cost,11953455.715530556,11953455.715530556,True
formal-run-01-CCP30-solution-0022,emission,9825696860.714794,9825696860.714794,True
formal-run-01-CCP30-solution-0022,makespan,529.6824374078126,529.6824374078126,True
formal-run-01-CCP30-solution-0024,cost,12245338.363538371,12245338.363538371,True
formal-run-01-CCP30-solution-0024,emission,9387401709.33067,9387401709.33067,True
formal-run-01-CCP30-solution-0024,makespan,550.9444389809082,550.9444389809082,True
formal-run-01-CCP30-solution-0025,cost,11813935.734827897,11813935.734827897,True
formal-run-01-CCP30-solution-0025,emission,9938515572.356544,9938515572.356544,True
formal-run-01-CCP30-solution-0025,makespan,571.7807995001685,571.7807995001685,True
formal-run-01-CCP30-solution-0026,cost,12082485.943171242,12082485.943171242,True
formal-run-01-CCP30-solution-0026,emission,9516792240.414684,9516792240.414684,True
formal-run-01-CCP30-solution-0026,makespan,541.5757374678153,541.5757374678153,True
formal-run-01-CCP30-solution-0027,cost,11907007.746274088,11907007.746274088,True
formal-run-01-CCP30-solution-0027,emission,9537615281.325136,9537615281.325136,True
formal-run-01-CCP30-solution-0027,makespan,573.945246781605,573.945246781605,True
formal-run-01-CCP30-solution-0028,cost,11827892.24055289,11827892.24055289,True
formal-run-01-CCP30-solution-0028,emission,9980962469.64875,9980962469.64875,True
formal-run-01-CCP30-solution-0028,makespan,539.2888450436344,539.2888450436344,True
formal-run-01-CCP30-solution-0029,cost,12234418.436090933,12234418.436090933,True
formal-run-01-CCP30-solution-0029,emission,9513899841.711369,9513899841.711369,True
formal-run-01-CCP30-solution-0029,makespan,545.6966482059721,545.6966482059721,True
formal-run-01-CCP30-solution-0032,cost,12002391.95090802,12002391.95090802,True
formal-run-01-CCP30-solution-0032,emission,10210692693.969656,10210692693.969656,True
formal-run-01-CCP30-solution-0032,makespan,528.5010677514558,528.5010677514558,True
formal-run-01-CCP30-solution-0033,cost,12086498.245915767,12086498.245915767,True
formal-run-01-CCP30-solution-0033,emission,9311192143.882654,9311192143.882654,True
formal-run-01-CCP30-solution-0033,makespan,570.7493163123478,570.7493163123478,True
formal-run-01-CCP30-solution-0034,cost,11950362.61434829,11950362.61434829,True
formal-run-01-CCP30-solution-0034,emission,10169304275.417816,10169304275.417816,True
formal-run-01-CCP30-solution-0034,makespan,529.1067539577374,529.1067539577374,True
formal-run-01-CCP30-solution-0035,cost,11834780.282589324,11834780.282589324,True
formal-run-01-CCP30-solution-0035,emission,9912472951.884806,9912472951.884806,True
formal-run-01-CCP30-solution-0035,makespan,554.5387058180277,554.5387058180277,True
formal-run-01-CCP30-solution-0036,cost,12294066.78741505,12294066.78741505,True
formal-run-01-CCP30-solution-0036,emission,9382958508.036623,9382958508.036623,True
formal-run-01-CCP30-solution-0036,makespan,550.9444389809082,550.9444389809082,True
formal-run-01-CCP30-solution-0037,cost,11908972.8996289,11908972.8996289,True
formal-run-01-CCP30-solution-0037,emission,9714885733.508501,9714885733.508501,True
formal-run-01-CCP30-solution-0037,makespan,537.1057664957777,537.1057664957777,True
formal-run-01-CCP30-solution-0038,cost,11879199.115211247,11879199.115211247,True
formal-run-01-CCP30-solution-0038,emission,9769225618.785173,9769225618.785173,True
formal-run-01-CCP30-solution-0038,makespan,554.1162728227106,554.1162728227106,True
formal-run-01-CCP30-solution-0040,cost,11975500.131545093,11975500.131545093,True
formal-run-01-CCP30-solution-0040,emission,10229148971.021584,10229148971.021584,True
formal-run-01-CCP30-solution-0040,makespan,528.5010677514558,528.5010677514558,True
formal-run-01-CCP30-solution-0041,cost,11890868.340460612,11890868.340460612,True
formal-run-01-CCP30-solution-0041,emission,9783119764.58743,9783119764.58743,True
formal-run-01-CCP30-solution-0041,makespan,551.9222048753603,551.9222048753603,True
formal-run-01-CCP30-solution-0042,cost,11837380.224893253,11837380.224893253,True
formal-run-01-CCP30-solution-0042,emission,9946401448.865522,9946401448.865522,True
formal-run-01-CCP30-solution-0042,makespan,551.9222048753603,551.9222048753603,True
formal-run-01-CCP30-solution-0044,cost,11918545.120309146,11918545.120309146,True
formal-run-01-CCP30-solution-0044,emission,9677684083.401138,9677684083.401138,True
formal-run-01-CCP30-solution-0044,makespan,538.3877641078334,538.3877641078334,True
formal-run-01-CCP30-solution-0045,cost,11881743.003711887,11881743.003711887,True
formal-run-01-CCP30-solution-0045,emission,9595027274.121492,9595027274.121492,True
formal-run-01-CCP30-solution-0045,makespan,570.7493163123478,570.7493163123478,True
formal-run-01-CCP30-solution-0046,cost,11903702.582592737,11903702.582592737,True
formal-run-01-CCP30-solution-0046,emission,9720843575.503162,9720843575.503162,True
formal-run-01-CCP30-solution-0046,makespan,538.3877641078334,538.3877641078334,True
formal-run-01-CCP30-solution-0047,cost,11863145.266888974,11863145.266888974,True
formal-run-01-CCP30-solution-0047,emission,9740018466.929354,9740018466.929354,True
formal-run-01-CCP30-solution-0047,makespan,555.2163586788495,555.2163586788495,True
formal-run-01-CCP30-solution-0048,cost,11910589.714395916,11910589.714395916,True
formal-run-01-CCP30-solution-0048,emission,10262679005.067389,10262679005.067389,True
formal-run-01-CCP30-solution-0048,makespan,532.3885269194767,532.3885269194767,True
formal-run-01-CCP30-solution-0049,cost,12075789.591831466,12075789.591831466,True
formal-run-01-CCP30-solution-0049,emission,9534916645.040936,9534916645.040936,True
formal-run-01-CCP30-solution-0049,makespan,550.9444389809082,550.9444389809082,True
formal-run-01-CCP30-solution-0051,cost,11887283.669071317,11887283.669071317,True
formal-run-01-CCP30-solution-0051,emission,9714360725.035551,9714360725.035551,True
formal-run-01-CCP30-solution-0051,makespan,555.8338670764541,555.8338670764541,True
formal-run-01-CCP30-solution-0052,cost,11800282.580985956,11800282.580985956,True
formal-run-01-CCP30-solution-0052,emission,9793696118.36142,9793696118.36142,True
formal-run-01-CCP30-solution-0052,makespan,574.7645130351591,574.7645130351591,True
formal-run-01-CCP30-solution-0053,cost,11902579.507840114,11902579.507840114,True
formal-run-01-CCP30-solution-0053,emission,9725763183.658895,9725763183.658895,True
formal-run-01-CCP30-solution-0053,makespan,533.1477939747391,533.1477939747391,True
formal-run-01-CCP30-solution-0055,cost,11824749.904289296,11824749.904289296,True
formal-run-01-CCP30-solution-0055,emission,9757679827.070578,9757679827.070578,True
formal-run-01-CCP30-solution-0055,makespan,574.7645130351591,574.7645130351591,True
formal-run-01-CCP30-solution-0056,cost,12287425.106240034,12287425.106240034,True
formal-run-01-CCP30-solution-0056,emission,9364423212.478233,9364423212.478233,True
formal-run-01-CCP30-solution-0056,makespan,553.1831612151473,553.1831612151473,True
formal-run-01-CCP30-solution-0057,cost,12200316.015866369,12200316.015866369,True
formal-run-01-CCP30-solution-0057,emission,9394521903.625534,9394521903.625534,True
formal-run-01-CCP30-solution-0057,makespan,550.9444389809082,550.9444389809082,True
formal-run-01-CCP30-solution-0058,cost,11864259.783042185,11864259.783042185,True
formal-run-01-CCP30-solution-0058,emission,9738026650.809706,9738026650.809706,True
formal-run-01-CCP30-solution-0058,makespan,555.2163586788495,555.2163586788495,True
formal-run-01-CCP30-solution-0059,cost,11833717.729139362,11833717.729139362,True
formal-run-01-CCP30-solution-0059,emission,9857656812.138264,9857656812.138264,True
formal-run-01-CCP30-solution-0059,makespan,570.7493163123478,570.7493163123478,True
formal-run-01-CCP30-solution-0060,cost,11979333.478543257,11979333.478543257,True
formal-run-01-CCP30-solution-0060,emission,10132749478.678709,10132749478.678709,True
formal-run-01-CCP30-solution-0060,makespan,529.1067539577374,529.1067539577374,True
formal-run-01-CCP30-solution-0061,cost,11843962.50669609,11843962.50669609,True
formal-run-01-CCP30-solution-0061,emission,9792534507.656515,9792534507.656515,True
formal-run-01-CCP30-solution-0061,makespan,573.945246781605,573.945246781605,True
formal-run-01-CCP30-solution-0062,cost,11986039.41830395,11986039.41830395,True
formal-run-01-CCP30-solution-0062,emission,9799338593.500162,9799338593.500162,True
formal-run-01-CCP30-solution-0062,makespan,529.6824374078126,529.6824374078126,True
formal-run-01-CCP30-solution-0063,cost,12210968.434907582,12210968.434907582,True
formal-run-01-CCP30-solution-0063,emission,9392840476.893906,9392840476.893906,True
formal-run-01-CCP30-solution-0063,makespan,550.9444389809082,550.9444389809082,True
formal-run-01-CCP30-solution-0064,cost,11973285.55888364,11973285.55888364,True
formal-run-01-CCP30-solution-0064,emission,10159250114.290075,10159250114.290075,True
formal-run-01-CCP30-solution-0064,makespan,529.1067539577374,529.1067539577374,True
formal-run-01-CCP30-solution-0065,cost,11996343.506649114,11996343.506649114,True
formal-run-01-CCP30-solution-0065,emission,9447217055.576508,9447217055.576508,True
formal-run-01-CCP30-solution-0065,makespan,554.5387058180277,554.5387058180277,True
formal-run-01-CCP30-solution-0066,cost,12005042.08027843,12005042.08027843,True
formal-run-01-CCP30-solution-0066,emission,9606742177.591648,9606742177.591648,True
formal-run-01-CCP30-solution-0066,makespan,537.1057664957777,537.1057664957777,True
formal-run-01-CCP30-solution-0068,cost,11968461.979319016,11968461.979319016,True
formal-run-01-CCP30-solution-0068,emission,10248502259.334915,10248502259.334915,True
formal-run-01-CCP30-solution-0068,makespan,528.5010677514558,528.5010677514558,True
formal-run-01-CCP30-solution-0069,cost,12000857.846715277,12000857.846715277,True
formal-run-01-CCP30-solution-0069,emission,10115547970.252934,10115547970.252934,True
formal-run-01-CCP30-solution-0069,makespan,529.1067539577374,529.1067539577374,True
formal-run-01-CCP30-solution-0070,cost,11876467.893842733,11876467.893842733,True
formal-run-01-CCP30-solution-0070,emission,9779279779.912914,9779279779.912914,True
formal-run-01-CCP30-solution-0070,makespan,554.1162728227106,554.1162728227106,True
formal-run-01-CCP30-solution-0071,cost,11997473.019812675,11997473.019812675,True
formal-run-01-CCP30-solution-0071,emission,10211947462.595808,10211947462.595808,True
formal-run-01-CCP30-solution-0071,makespan,528.5010677514558,528.5010677514558,True
formal-run-01-CCP30-solution-0072,cost,12181659.069090681,12181659.069090681,True
formal-run-01-CCP30-solution-0072,emission,9380423911.610935,9380423911.610935,True
formal-run-01-CCP30-solution-0072,makespan,552.8716169976149,552.8716169976149,True
formal-run-01-CCP30-solution-0073,cost,12016790.78029575,12016790.78029575,True
formal-run-01-CCP30-solution-0073,emission,9607810679.989841,9607810679.989841,True
formal-run-01-CCP30-solution-0073,makespan,533.1477939747391,533.1477939747391,True
formal-run-01-CCP30-solution-0074,cost,12189941.544898828,12189941.544898828,True
formal-run-01-CCP30-solution-0074,emission,9336015491.134892,9336015491.134892,True
formal-run-01-CCP30-solution-0074,makespan,555.2163586788495,555.2163586788495,True
formal-run-01-CCP30-solution-0075,cost,11836448.950507876,11836448.950507876,True
formal-run-01-CCP30-solution-0075,emission,9847602651.010523,9847602651.010523,True
formal-run-01-CCP30-solution-0075,makespan,570.7493163123478,570.7493163123478,True
formal-run-01-CCP30-solution-0076,cost,11924825.42724164,11924825.42724164,True
formal-run-01-CCP30-solution-0076,emission,9708561675.23312,9708561675.23312,True
formal-run-01-CCP30-solution-0076,makespan,533.1477939747391,533.1477939747391,True
formal-run-01-CCP30-solution-0077,cost,11842734.524539033,11842734.524539033,True
formal-run-01-CCP30-solution-0077,emission,9982967946.460573,9982967946.460573,True
formal-run-01-CCP30-solution-0077,makespan,536.6461741697174,536.6461741697174,True
formal-run-01-CCP30-solution-0078,cost,12042346.827078233,12042346.827078233,True
formal-run-01-CCP30-solution-0078,emission,9324509964.922525,9324509964.922525,True
formal-run-01-CCP30-solution-0078,makespan,574.7027832522273,574.7027832522273,True
formal-run-01-CCP30-solution-0080,cost,11916409.43449624,11916409.43449624,True
formal-run-01-CCP30-solution-0080,emission,10259301037.288403,10259301037.288403,True
formal-run-01-CCP30-solution-0080,makespan,529.6824374078126,529.6824374078126,True
formal-run-01-CCP30-solution-0081,cost,11859925.152159266,11859925.152159266,True
formal-run-01-CCP30-solution-0081,emission,9826771287.536966,9826771287.536966,True
formal-run-01-CCP30-solution-0081,makespan,554.5387058180277,554.5387058180277,True
formal-run-01-CCP30-solution-0082,cost,11974058.036145508,11974058.036145508,True
formal-run-01-CCP30-solution-0082,emission,10149086518.653719,10149086518.653719,True
formal-run-01-CCP30-solution-0082,makespan,529.1067539577374,529.1067539577374,True
formal-run-01-CCP30-solution-0083,cost,11944941.312168371,11944941.312168371,True
formal-run-01-CCP30-solution-0083,emission,9633355037.948551,9633355037.948551,True
formal-run-01-CCP30-solution-0083,makespan,554.1162728227106,554.1162728227106,True
formal-run-01-CCP30-solution-0084,cost,11992939.73183173,11992939.73183173,True
formal-run-01-CCP30-solution-0084,emission,9477828383.805056,9477828383.805056,True
formal-run-01-CCP30-solution-0084,makespan,555.2163586788495,555.2163586788495,True
formal-run-01-CCP30-solution-0085,cost,12239795.13526145,12239795.13526145,True
formal-run-01-CCP30-solution-0085,emission,9366353983.782352,9366353983.782352,True
formal-run-01-CCP30-solution-0085,makespan,553.1831612151473,553.1831612151473,True
formal-run-01-CCP30-solution-0086,cost,11986419.260201288,11986419.260201288,True
formal-run-01-CCP30-solution-0086,emission,10128478461.714233,10128478461.714233,True
formal-run-01-CCP30-solution-0086,makespan,529.1067539577374,529.1067539577374,True
formal-run-01-CCP30-solution-0087,cost,12028622.455931013,12028622.455931013,True
formal-run-01-CCP30-solution-0087,emission,9697890533.478947,9697890533.478947,True
formal-run-01-CCP30-solution-0087,makespan,529.1067539577374,529.1067539577374,True
formal-run-01-CCP30-solution-0088,cost,11931905.822584046,11931905.822584046,True
formal-run-01-CCP30-solution-0088,emission,9643409199.076292,9643409199.076292,True
formal-run-01-CCP30-solution-0088,makespan,554.1162728227106,554.1162728227106,True
formal-run-01-CCP30-solution-0089,cost,11847039.49509212,11847039.49509212,True
formal-run-01-CCP30-solution-0089,emission,9835203531.490755,9835203531.490755,True
formal-run-01-CCP30-solution-0089,makespan,554.5387058180277,554.5387058180277,True
formal-run-01-CCP30-solution-0090,cost,11872184.364662062,11872184.364662062,True
formal-run-01-CCP30-solution-0090,emission,9749501867.142914,9749501867.142914,True
formal-run-01-CCP30-solution-0090,makespan,554.5387058180277,554.5387058180277,True
formal-run-01-CCP30-solution-0091,cost,11987423.995195774,11987423.995195774,True
formal-run-01-CCP30-solution-0091,emission,9606095324.223392,9606095324.223392,True
formal-run-01-CCP30-solution-0091,makespan,538.3877641078334,538.3877641078334,True
formal-run-01-CCP30-solution-0092,cost,12095286.258218337,12095286.258218337,True
formal-run-01-CCP30-solution-0092,emission,9339304717.82825,9339304717.82825,True
formal-run-01-CCP30-solution-0092,makespan,555.8999225371107,555.8999225371107,True
formal-run-01-CCP30-solution-0093,cost,11967821.673172656,11967821.673172656,True
formal-run-01-CCP30-solution-0093,emission,9472208136.852766,9472208136.852766,True
formal-run-01-CCP30-solution-0093,makespan,562.9002955865794,562.9002955865794,True
formal-run-01-CCP30-solution-0094,cost,12010705.345638793,12010705.345638793,True
formal-run-01-CCP30-solution-0094,emission,9556542001.347528,9556542001.347528,True
formal-run-01-CCP30-solution-0094,makespan,552.8716169976149,552.8716169976149,True
formal-run-01-CCP30-solution-0095,cost,11804002.395949503,11804002.395949503,True
formal-run-01-CCP30-solution-0095,emission,9975717222.46391,9975717222.46391,True
formal-run-01-CCP30-solution-0095,makespan,570.7493163123478,570.7493163123478,True
formal-run-01-CCP30-solution-0096,cost,12068250.473372554,12068250.473372554,True
formal-run-01-CCP30-solution-0096,emission,9313028850.83906,9313028850.83906,True
formal-run-01-CCP30-solution-0096,makespan,574.7027832522273,574.7027832522273,True
formal-run-01-CCP30-solution-0097,cost,12065494.184531247,12065494.184531247,True
formal-run-01-CCP30-solution-0097,emission,9329066701.319815,9329066701.319815,True
formal-run-01-CCP30-solution-0097,makespan,570.7493163123478,570.7493163123478,True
formal-run-01-CCP30-solution-0098,cost,11931482.827262973,11931482.827262973,True
formal-run-01-CCP30-solution-0098,emission,9842898369.14057,9842898369.14057,True
formal-run-01-CCP30-solution-0098,makespan,529.6824374078126,529.6824374078126,True
formal-run-01-CCP30-solution-0099,cost,11807060.496641189,11807060.496641189,True
formal-run-01-CCP30-solution-0099,emission,9958695753.73295,9958695753.73295,True
formal-run-01-CCP30-solution-0099,makespan,574.7027832522273,574.7027832522273,True
formal-run-01-CCP30-solution-0100,cost,11938598.478340685,11938598.478340685,True
formal-run-01-CCP30-solution-0100,emission,9505717663.35044,9505717663.35044,True
formal-run-01-CCP30-solution-0100,makespan,570.7493163123478,570.7493163123478,True
formal-run-01-CCP30-solution-0101,cost,12075177.731606757,12075177.731606757,True
formal-run-01-CCP30-solution-0101,emission,9550296234.130095,9550296234.130095,True
formal-run-01-CCP30-solution-0101,makespan,545.7816027559023,545.7816027559023,True
formal-run-01-CCP30-solution-0102,cost,12166228.3698423,12166228.3698423,True
formal-run-01-CCP30-solution-0102,emission,9287192676.245312,9287192676.245312,True
formal-run-01-CCP30-solution-0102,makespan,562.9002955865794,562.9002955865794,True
formal-run-01-CCP30-solution-0103,cost,11866295.640283339,11866295.640283339,True
formal-run-01-CCP30-solution-0103,emission,9587141397.612514,9587141397.612514,True
formal-run-01-CCP30-solution-0103,makespan,574.7645130351591,574.7645130351591,True
formal-run-01-CCP30-solution-0104,cost,12091548.368183935,12091548.368183935,True
formal-run-01-CCP30-solution-0104,emission,9454949074.406963,9454949074.406963,True
formal-run-01-CCP30-solution-0104,makespan,552.8716169976149,552.8716169976149,True
formal-run-01-CCP30-solution-0105,cost,12197763.743284384,12197763.743284384,True
formal-run-01-CCP30-solution-0105,emission,9303649567.84534,9303649567.84534,True
formal-run-01-CCP30-solution-0105,makespan,556.2109218829078,556.2109218829078,True
formal-run-01-CCP30-solution-0106,cost,11857680.983344343,11857680.983344343,True
formal-run-01-CCP30-solution-0106,emission,9709498344.622908,9709498344.622908,True
formal-run-01-CCP30-solution-0106,makespan,562.9002955865794,562.9002955865794,True
formal-run-01-CCP30-solution-0107,cost,11934397.647921886,11934397.647921886,True
formal-run-01-CCP30-solution-0107,emission,9671360025.125757,9671360025.125757,True
formal-run-01-CCP30-solution-0107,makespan,536.6461741697174,536.6461741697174,True
formal-run-01-CCP30-solution-0108,cost,12017802.837301783,12017802.837301783,True
formal-run-01-CCP30-solution-0108,emission,9333963857.0018,9333963857.0018,True
formal-run-01-CCP30-solution-0108,makespan,574.7733331840851,574.7733331840851,True
formal-run-01-CCP30-solution-0109,cost,11802320.8343592,11802320.8343592,True
formal-run-01-CCP30-solution-0109,emission,9968702798.370283,9968702798.370283,True
formal-run-01-CCP30-solution-0109,makespan,573.945246781605,573.945246781605,True
formal-run-01-CCP30-solution-0110,cost,12020695.576714441,12020695.576714441,True
formal-run-01-CCP30-solution-0110,emission,9348887646.300198,9348887646.300198,True
formal-run-01-CCP30-solution-0110,makespan,574.7027832522273,574.7027832522273,True
formal-run-01-CCP30-solution-0111,cost,12072144.934728656,12072144.934728656,True
formal-run-01-CCP30-solution-0111,emission,9371536646.767988,9371536646.767988,True
formal-run-01-CCP30-solution-0111,makespan,555.2163586788495,555.2163586788495,True
formal-run-01-CCP30-solution-0112,cost,12051254.32136716,12051254.32136716,True
formal-run-01-CCP30-solution-0112,emission,9484577395.640875,9484577395.640875,True
formal-run-01-CCP30-solution-0112,makespan,554.1162728227106,554.1162728227106,True
formal-run-01-CCP30-solution-0113,cost,12053735.832533987,12053735.832533987,True
formal-run-01-CCP30-solution-0113,emission,9525957093.744818,9525957093.744818,True
formal-run-01-CCP30-solution-0113,makespan,552.8716169976149,552.8716169976149,True
formal-run-01-CCP30-solution-0114,cost,12160086.728583403,12160086.728583403,True
formal-run-01-CCP30-solution-0114,emission,9392298540.064014,9392298540.064014,True
formal-run-01-CCP30-solution-0114,makespan,552.8716169976149,552.8716169976149,True
formal-run-01-CCP30-solution-0116,cost,12110369.242390756,12110369.242390756,True
formal-run-01-CCP30-solution-0116,emission,9284440197.793722,9284440197.793722,True
formal-run-01-CCP30-solution-0116,makespan,574.7645130351591,574.7645130351591,True
formal-run-01-CCP30-solution-0117,cost,11874819.023551974,11874819.023551974,True
formal-run-01-CCP30-solution-0117,emission,9818776193.867802,9818776193.867802,True
formal-run-01-CCP30-solution-0117,makespan,533.1477939747391,533.1477939747391,True
formal-run-01-CCP30-solution-0118,cost,11958031.459704118,11958031.459704118,True
formal-run-01-CCP30-solution-0118,emission,9503489638.535896,9503489638.535896,True
formal-run-01-CCP30-solution-0118,makespan,574.7027832522273,574.7027832522273,True
formal-run-01-CCP30-solution-0119,cost,11895354.862590794,11895354.862590794,True
formal-run-01-CCP30-solution-0119,emission,9716828991.045424,9716828991.045424,True
formal-run-01-CCP30-solution-0119,makespan,554.5387058180277,554.5387058180277,True
formal-run-01-CCP30-solution-0120,cost,11940906.810352579,11940906.810352579,True
formal-run-01-CCP30-solution-0120,emission,9512257095.390577,9512257095.390577,True
formal-run-01-CCP30-solution-0120,makespan,562.9002955865794,562.9002955865794,True
formal-run-01-CCP30-solution-0121,cost,12178474.00179959,12178474.00179959,True
formal-run-01-CCP30-solution-0121,emission,9408084322.992693,9408084322.992693,True
formal-run-01-CCP30-solution-0121,makespan,550.9444389809082,550.9444389809082,True
formal-run-01-CCP30-solution-0122,cost,12129043.82917075,12129043.82917075,True
formal-run-01-CCP30-solution-0122,emission,9494825739.329424,9494825739.329424,True
formal-run-01-CCP30-solution-0122,makespan,545.7816027559023,545.7816027559023,True
formal-run-01-CCP30-solution-0124,cost,12034948.033903359,12034948.033903359,True
formal-run-01-CCP30-solution-0124,emission,9565222892.33571,9565222892.33571,True
formal-run-01-CCP30-solution-0124,makespan,541.5757374678153,541.5757374678153,True
formal-run-01-CCP30-solution-0125,cost,12140361.735163622,12140361.735163622,True
formal-run-01-CCP30-solution-0125,emission,9438154549.189392,9438154549.189392,True
formal-run-01-CCP30-solution-0125,makespan,550.9444389809082,550.9444389809082,True
formal-run-01-CCP30-solution-0126,cost,12138353.737518094,12138353.737518094,True
formal-run-01-CCP30-solution-0126,emission,9440087219.045822,9440087219.045822,True
formal-run-01-CCP30-solution-0126,makespan,550.9444389809082,550.9444389809082,True
formal-run-01-CCP30-solution-0127,cost,11919635.157505311,11919635.157505311,True
formal-run-01-CCP30-solution-0127,emission,9621082787.314087,9621082787.314087,True
formal-run-01-CCP30-solution-0127,makespan,555.2163586788495,555.2163586788495,True
formal-run-01-CCP30-solution-0128,cost,11816588.487775471,11816588.487775471,True
formal-run-01-CCP30-solution-0128,emission,9891480494.46664,9891480494.46664,True
formal-run-01-CCP30-solution-0128,makespan,574.7027832522273,574.7027832522273,True
formal-run-01-CCP30-solution-0129,cost,12134876.249614306,12134876.249614306,True
formal-run-01-CCP30-solution-0129,emission,9442991264.853052,9442991264.853052,True
formal-run-01-CCP30-solution-0129,makespan,550.9444389809082,550.9444389809082,True
formal-run-01-CCP30-solution-0130,cost,12144881.48263653,12144881.48263653,True
formal-run-01-CCP30-solution-0130,emission,9432827669.216696,9432827669.216696,True
formal-run-01-CCP30-solution-0130,makespan,550.9444389809082,550.9444389809082,True
formal-run-01-CCP30-solution-0131,cost,12118789.394656345,12118789.394656345,True
formal-run-01-CCP30-solution-0131,emission,9450029177.642471,9450029177.642471,True
formal-run-01-CCP30-solution-0131,makespan,550.9444389809082,550.9444389809082,True
formal-run-01-CCP30-solution-0134,cost,12047103.63516718,12047103.63516718,True
formal-run-01-CCP30-solution-0134,emission,9501269054.673187,9501269054.673187,True
formal-run-01-CCP30-solution-0134,makespan,554.1162728227106,554.1162728227106,True
formal-run-01-CCP30-solution-0135,cost,11926149.137581483,11926149.137581483,True
formal-run-01-CCP30-solution-0135,emission,10222099387.18104,10222099387.18104,True
formal-run-01-CCP30-solution-0135,makespan,532.3885269194767,532.3885269194767,True
formal-run-01-CCP30-solution-0136,cost,12238868.768472847,12238868.768472847,True
formal-run-01-CCP30-solution-0136,emission,9373303717.31607,9373303717.31607,True
formal-run-01-CCP30-solution-0136,makespan,552.8716169976149,552.8716169976149,True
formal-run-01-CCP30-solution-0137,cost,12100402.121440157,12100402.121440157,True
formal-run-01-CCP30-solution-0137,emission,9434243394.713793,9434243394.713793,True
formal-run-01-CCP30-solution-0137,makespan,552.8716169976149,552.8716169976149,True
formal-run-01-CCP30-solution-0138,cost,11976094.733129388,11976094.733129388,True
formal-run-01-CCP30-solution-0138,emission,9611465746.955448,9611465746.955448,True
formal-run-01-CCP30-solution-0138,makespan,545.7816027559023,545.7816027559023,True
formal-run-01-CCP30-solution-0139,cost,12171382.887548815,12171382.887548815,True
formal-run-01-CCP30-solution-0139,emission,9413506024.238062,9413506024.238062,True
formal-run-01-CCP30-solution-0139,makespan,550.9444389809082,550.9444389809082,True
formal-run-01-CCP30-solution-0140,cost,11917913.938123653,11917913.938123653,True
formal-run-01-CCP30-solution-0140,emission,9681062051.180124,9681062051.180124,True
formal-run-01-CCP30-solution-0140,makespan,545.7816027559023,545.7816027559023,True
formal-run-01-CCP30-solution-0141,cost,11831721.742253244,11831721.742253244,True
formal-run-01-CCP30-solution-0141,emission,9892512795.798193,9892512795.798193,True
formal-run-01-CCP30-solution-0141,makespan,555.2163586788495,555.2163586788495,True
formal-run-01-CCP30-solution-0142,cost,11875530.361703658,11875530.361703658,True
formal-run-01-CCP30-solution-0142,emission,9743119881.243263,9743119881.243263,True
formal-run-01-CCP30-solution-0142,makespan,554.5387058180277,554.5387058180277,True
formal-run-01-CCP30-solution-0143,cost,12099826.300834209,12099826.300834209,True
formal-run-01-CCP30-solution-0143,emission,9424779894.431576,9424779894.431576,True
formal-run-01-CCP30-solution-0143,makespan,554.1162728227106,554.1162728227106,True
formal-run-01-CCP30-solution-0144,cost,11810342.777534327,11810342.777534327,True
formal-run-01-CCP30-solution-0144,emission,9963761512.426016,9963761512.426016,True
formal-run-01-CCP30-solution-0144,makespan,562.9002955865794,562.9002955865794,True
formal-run-01-CCP30-solution-0145,cost,11882360.989490366,11882360.989490366,True
formal-run-01-CCP30-solution-0145,emission,9573709268.705788,9573709268.705788,True
formal-run-01-CCP30-solution-0145,makespan,574.7733331840851,574.7733331840851,True
formal-run-01-CCP30-solution-0146,cost,11912151.72852036,11912151.72852036,True
formal-run-01-CCP30-solution-0146,emission,9688561533.551533,9688561533.551533,True
formal-run-01-CCP30-solution-0146,makespan,536.6461741697174,536.6461741697174,True
formal-run-01-CCP30-solution-0147,cost,11835319.149072964,11835319.149072964,True
formal-run-01-CCP30-solution-0147,emission,9909076493.845507,9909076493.845507,True
formal-run-01-CCP30-solution-0147,makespan,554.5387058180277,554.5387058180277,True
formal-run-01-CCP30-solution-0148,cost,11898397.85089066,11898397.85089066,True
formal-run-01-CCP30-solution-0148,emission,9501601166.36051,9501601166.36051,True
formal-run-01-CCP30-solution-0148,makespan,574.7733331840851,574.7733331840851,True
formal-run-01-CCP30-solution-0149,cost,12142769.720489806,12142769.720489806,True
formal-run-01-CCP30-solution-0149,emission,9347578886.723803,9347578886.723803,True
formal-run-01-CCP30-solution-0149,makespan,555.2163586788495,555.2163586788495,True
formal-run-01-CCP30-solution-0150,cost,11906030.797999237,11906030.797999237,True
formal-run-01-CCP30-solution-0150,emission,9691939501.330519,9691939501.330519,True
formal-run-01-CCP30-solution-0150,makespan,545.7816027559023,545.7816027559023,True
formal-run-01-CCP30-solution-0151,cost,12163137.922927536,12163137.922927536,True
formal-run-01-CCP30-solution-0151,emission,9344984175.22843,9344984175.22843,True
formal-run-01-CCP30-solution-0151,makespan,555.2163586788495,555.2163586788495,True
formal-run-01-CCP30-solution-0153,cost,11825656.080847051,11825656.080847051,True
formal-run-01-CCP30-solution-0153,emission,9864642610.001793,9864642610.001793,True
formal-run-01-CCP30-solution-0153,makespan,573.945246781605,573.945246781605,True
formal-run-01-CCP30-solution-0154,cost,12062724.428726627,12062724.428726627,True
formal-run-01-CCP30-solution-0154,emission,9582870215.820892,9582870215.820892,True
formal-run-01-CCP30-solution-0154,makespan,537.1057664957777,537.1057664957777,True
formal-run-01-CCP30-solution-0155,cost,12121867.944317307,12121867.944317307,True
formal-run-01-CCP30-solution-0155,emission,9306058745.825264,9306058745.825264,True
formal-run-01-CCP30-solution-0155,makespan,562.9002955865794,562.9002955865794,True
formal-run-01-CCP30-solution-0156,cost,11807881.229725316,11807881.229725316,True
formal-run-01-CCP30-solution-0156,emission,9972127882.639677,9972127882.639677,True
formal-run-01-CCP30-solution-0156,makespan,562.9002955865794,562.9002955865794,True
formal-run-01-CCP30-solution-0157,cost,12085210.854784789,12085210.854784789,True
formal-run-01-CCP30-solution-0157,emission,9461866122.540054,9461866122.540054,True
formal-run-01-CCP30-solution-0157,makespan,552.8716169976149,552.8716169976149,True
formal-run-01-CCP30-solution-0158,cost,11980419.062640438,11980419.062640438,True
formal-run-01-CCP30-solution-0158,emission,10227894202.395432,10227894202.395432,True
formal-run-01-CCP30-solution-0158,makespan,528.5010677514558,528.5010677514558,True
formal-run-01-CCP30-solution-0159,cost,12024289.549542911,12024289.549542911,True
formal-run-01-CCP30-solution-0159,emission,9569208775.372593,9569208775.372593,True
formal-run-01-CCP30-solution-0159,makespan,545.7816027559023,545.7816027559023,True
formal-run-01-CCP30-solution-0160,cost,11922576.638823807,11922576.638823807,True
formal-run-01-CCP30-solution-0160,emission,9540797118.581713,9540797118.581713,True
formal-run-01-CCP30-solution-0160,makespan,555.2163586788495,555.2163586788495,True
formal-run-01-CCP30-solution-0161,cost,12057251.312824385,12057251.312824385,True
formal-run-01-CCP30-solution-0161,emission,9373948023.461893,9373948023.461893,True
formal-run-01-CCP30-solution-0161,makespan,562.9002955865794,562.9002955865794,True
formal-run-01-CCP30-solution-0162,cost,12060426.350003593,12060426.350003593,True
formal-run-01-CCP30-solution-0162,emission,9519472467.31598,9519472467.31598,True
formal-run-01-CCP30-solution-0162,makespan,552.8716169976149,552.8716169976149,True
formal-run-01-CCP30-solution-0164,cost,12216133.19726483,12216133.19726483,True
formal-run-01-CCP30-solution-0164,emission,9389171781.750195,9389171781.750195,True
formal-run-01-CCP30-solution-0164,makespan,550.9444389809082,550.9444389809082,True
formal-run-01-CCP30-solution-0165,cost,12064604.736246703,12064604.736246703,True
formal-run-01-CCP30-solution-0165,emission,9478496069.220253,9478496069.220253,True
formal-run-01-CCP30-solution-0165,makespan,552.8716169976149,552.8716169976149,True
formal-run-01-CCP30-solution-0166,cost,11920499.731707394,11920499.731707394,True
formal-run-01-CCP30-solution-0166,emission,9543028747.966417,9543028747.966417,True
formal-run-01-CCP30-solution-0166,makespan,562.9002955865794,562.9002955865794,True
formal-run-01-CCP30-solution-0167,cost,11892453.3156057,11892453.3156057,True
formal-run-01-CCP30-solution-0167,emission,9591649306.342508,9591649306.342508,True
formal-run-01-CCP30-solution-0167,makespan,574.7027832522273,574.7027832522273,True
formal-run-01-CCP30-solution-0168,cost,12070411.390957806,12070411.390957806,True
formal-run-01-CCP30-solution-0168,emission,9318230056.672073,9318230056.672073,True
formal-run-01-CCP30-solution-0168,makespan,570.7493163123478,570.7493163123478,True
formal-run-01-CCP30-solution-0169,cost,12037755.16573086,12037755.16573086,True
formal-run-01-CCP30-solution-0169,emission,9563290745.750456,9563290745.750456,True
formal-run-01-CCP30-solution-0169,makespan,545.7816027559023,545.7816027559023,True
formal-run-01-CCP30-solution-0170,cost,11915405.176443534,11915405.176443534,True
formal-run-01-CCP30-solution-0170,emission,9509487042.86949,9509487042.86949,True
formal-run-01-CCP30-solution-0170,makespan,574.7027832522273,574.7027832522273,True
formal-run-01-CCP30-solution-0171,cost,11943102.287472341,11943102.287472341,True
formal-run-01-CCP30-solution-0171,emission,9535912224.12732,9535912224.12732,True
formal-run-01-CCP30-solution-0171,makespan,554.5387058180277,554.5387058180277,True
formal-run-01-CCP30-solution-0172,cost,12040736.155641738,12040736.155641738,True
formal-run-01-CCP30-solution-0172,emission,9342422026.459541,9342422026.459541,True
formal-run-01-CCP30-solution-0172,makespan,570.7493163123478,570.7493163123478,True
formal-run-01-CCP30-solution-0173,cost,11978555.729796704,11978555.729796704,True
formal-run-01-CCP30-solution-0173,emission,9603244332.779705,9603244332.779705,True
formal-run-01-CCP30-solution-0173,makespan,545.7816027559023,545.7816027559023,True
formal-run-01-CCP30-solution-0174,cost,11962992.267393116,11962992.267393116,True
formal-run-01-CCP30-solution-0174,emission,9424169842.097662,9424169842.097662,True
formal-run-01-CCP30-solution-0174,makespan,570.7493163123478,570.7493163123478,True
formal-run-01-CCP30-solution-0175,cost,11951764.617745444,11951764.617745444,True
formal-run-01-CCP30-solution-0175,emission,9657903943.923407,9657903943.923407,True
formal-run-01-CCP30-solution-0175,makespan,545.7816027559023,545.7816027559023,True
formal-run-01-CCP30-solution-0176,cost,12103867.801560476,12103867.801560476,True
formal-run-01-CCP30-solution-0176,emission,9475964114.554653,9475964114.554653,True
formal-run-01-CCP30-solution-0176,makespan,550.9444389809082,550.9444389809082,True
formal-run-01-CCP30-solution-0177,cost,12079725.369235473,12079725.369235473,True
formal-run-01-CCP30-solution-0177,emission,9466702838.203714,9466702838.203714,True
formal-run-01-CCP30-solution-0177,makespan,552.8716169976149,552.8716169976149,True
formal-run-01-CCP30-solution-0178,cost,12190310.782844145,12190310.782844145,True
formal-run-01-CCP30-solution-0178,emission,9404685499.26189,9404685499.26189,True
formal-run-01-CCP30-solution-0178,makespan,550.9444389809082,550.9444389809082,True
formal-run-01-CCP30-solution-0179,cost,11810612.451093826,11810612.451093826,True
formal-run-01-CCP30-solution-0179,emission,9962073721.511936,9962073721.511936,True
formal-run-01-CCP30-solution-0179,makespan,562.9002955865794,562.9002955865794,True
formal-run-01-CCP30-solution-0180,cost,11917301.218476396,11917301.218476396,True
formal-run-01-CCP30-solution-0180,emission,9685780563.062536,9685780563.062536,True
formal-run-01-CCP30-solution-0180,makespan,538.3877641078334,538.3877641078334,True
formal-run-01-CCP30-solution-0181,cost,11964848.279363051,11964848.279363051,True
formal-run-01-CCP30-solution-0181,emission,9496499002.110615,9496499002.110615,True
formal-run-01-CCP30-solution-0181,makespan,562.9002955865794,562.9002955865794,True
formal-run-01-CCP30-solution-0182,cost,12139053.36283498,12139053.36283498,True
formal-run-01-CCP30-solution-0182,emission,9354928032.37739,9354928032.37739,True
formal-run-01-CCP30-solution-0182,makespan,555.2163586788495,555.2163586788495,True
formal-run-01-CCP30-solution-0183,cost,11844614.881113295,11844614.881113295,True
formal-run-01-CCP30-solution-0183,emission,9817011100.404482,9817011100.404482,True
formal-run-01-CCP30-solution-0183,makespan,570.7493163123478,570.7493163123478,True
formal-run-01-CCP30-solution-0184,cost,12173717.343063226,12173717.343063226,True
formal-run-01-CCP30-solution-0184,emission,9409862628.027235,9409862628.027235,True
formal-run-01-CCP30-solution-0184,makespan,550.9444389809082,550.9444389809082,True
formal-run-01-CCP30-solution-0185,cost,12123751.578770932,12123751.578770932,True
formal-run-01-CCP30-solution-0185,emission,9445585976.348425,9445585976.348425,True
formal-run-01-CCP30-solution-0185,makespan,550.9444389809082,550.9444389809082,True
formal-run-01-CCP30-solution-0186,cost,12082295.4610532,12082295.4610532,True
formal-run-01-CCP30-solution-0186,emission,9487838743.007732,9487838743.007732,True
formal-run-01-CCP30-solution-0186,makespan,550.9444389809082,550.9444389809082,True
formal-run-01-CCP30-solution-0187,cost,12091879.291678777,12091879.291678777,True
formal-run-01-CCP30-solution-0187,emission,9296194801.857723,9296194801.857723,True
formal-run-01-CCP30-solution-0187,makespan,574.7027832522273,574.7027832522273,True
formal-run-01-CCP30-solution-0188,cost,11930017.595983576,11930017.595983576,True
formal-run-01-CCP30-solution-0188,emission,9677414509.370274,9677414509.370274,True
formal-run-01-CCP30-solution-0188,makespan,552.8716169976149,552.8716169976149,True
formal-run-01-CCP30-solution-0189,cost,11822332.797112983,11822332.797112983,True
formal-run-01-CCP30-solution-0189,emission,9888200759.157183,9888200759.157183,True
formal-run-01-CCP30-solution-0189,makespan,562.9002955865794,562.9002955865794,True
formal-run-01-CCP30-solution-0190,cost,11846057.732069034,11846057.732069034,True
formal-run-01-CCP30-solution-0190,emission,9644318595.622091,9644318595.622091,True
formal-run-01-CCP30-solution-0190,makespan,574.7645130351591,574.7645130351591,True
formal-run-01-CCP30-solution-0191,cost,11818780.842660345,11818780.842660345,True
formal-run-01-CCP30-solution-0191,emission,9884822791.378197,9884822791.378197,True
formal-run-01-CCP30-solution-0191,makespan,574.7027832522273,574.7027832522273,True
formal-run-01-CCP30-solution-0192,cost,11971166.545871167,11971166.545871167,True
formal-run-01-CCP30-solution-0192,emission,9668346933.48358,9668346933.48358,True
formal-run-01-CCP30-solution-0192,makespan,536.6461741697174,536.6461741697174,True
formal-run-01-CCP30-solution-0193,cost,11913930.053334013,11913930.053334013,True
formal-run-01-CCP30-solution-0193,emission,9521086424.824217,9521086424.824217,True
formal-run-01-CCP30-solution-0193,makespan,570.7493163123478,570.7493163123478,True
formal-run-01-CCP30-solution-0194,cost,12027808.07032401,12027808.07032401,True
formal-run-01-CCP30-solution-0194,emission,9323800261.365444,9323800261.365444,True
formal-run-01-CCP30-solution-0194,makespan,574.7733331840851,574.7733331840851,True
formal-run-01-CCP30-solution-0195,cost,11826684.928445145,11826684.928445145,True
formal-run-01-CCP30-solution-0195,emission,9875454957.225151,9875454957.225151,True
formal-run-01-CCP30-solution-0195,makespan,562.9002955865794,562.9002955865794,True
formal-run-01-CCP30-solution-0196,cost,12176173.583541363,12176173.583541363,True
formal-run-01-CCP30-solution-0196,emission,9385260627.274595,9385260627.274595,True
formal-run-01-CCP30-solution-0196,makespan,552.8716169976149,552.8716169976149,True
formal-run-01-CCP30-solution-0197,cost,12211440.686709743,12211440.686709743,True
formal-run-01-CCP30-solution-0197,emission,9391927192.130161,9391927192.130161,True
formal-run-01-CCP30-solution-0197,makespan,550.9444389809082,550.9444389809082,True
formal-run-01-CCP30-solution-0198,cost,11968905.647566726,11968905.647566726,True
formal-run-01-CCP30-solution-0198,emission,9419752846.234657,9419752846.234657,True
formal-run-01-CCP30-solution-0198,makespan,574.7645130351591,574.7645130351591,True
formal-run-01-CCP30-solution-0201,cost,11981504.532168455,11981504.532168455,True
formal-run-01-CCP30-solution-0201,emission,10129733230.340387,10129733230.340387,True
formal-run-01-CCP30-solution-0201,makespan,529.1067539577374,529.1067539577374,True
formal-run-01-CCP30-solution-0202,cost,11849195.500557337,11849195.500557337,True
formal-run-01-CCP30-solution-0202,emission,9735234004.734285,9735234004.734285,True
formal-run-01-CCP30-solution-0202,makespan,573.945246781605,573.945246781605,True
formal-run-01-CCP30-solution-0203,cost,11876193.109576836,11876193.109576836,True
formal-run-01-CCP30-solution-0203,emission,9811464848.006733,9811464848.006733,True
formal-run-01-CCP30-solution-0203,makespan,533.1477939747391,533.1477939747391,True
formal-run-01-CCP30-solution-0204,cost,11926759.85636357,11926759.85636357,True
formal-run-01-CCP30-solution-0204,emission,9506332105.57068,9506332105.57068,True
formal-run-01-CCP30-solution-0204,makespan,570.7493163123478,570.7493163123478,True
formal-run-01-CCP30-solution-0205,cost,11806790.823081689,11806790.823081689,True
formal-run-01-CCP30-solution-0205,emission,9960383544.647032,9960383544.647032,True
formal-run-01-CCP30-solution-0205,makespan,574.7027832522273,574.7027832522273,True
formal-run-01-CCP30-solution-0206,cost,12126731.120683799,12126731.120683799,True
formal-run-01-CCP30-solution-0206,emission,9420590461.226171,9420590461.226171,True
formal-run-01-CCP30-solution-0206,makespan,552.8716169976149,552.8716169976149,True
formal-run-01-CCP30-solution-0207,cost,11948983.240893235,11948983.240893235,True
formal-run-01-CCP30-solution-0207,emission,9387531515.64702,9387531515.64702,True
formal-run-01-CCP30-solution-0207,makespan,574.7733331840851,574.7733331840851,True
formal-run-01-CCP30-solution-0208,cost,11828631.492650077,11828631.492650077,True
formal-run-01-CCP30-solution-0208,emission,9817607532.111887,9817607532.111887,True
formal-run-01-CCP30-solution-0208,makespan,574.7027832522273,574.7027832522273,True
formal-run-01-CCP30-solution-0209,cost,12291342.830874395,12291342.830874395,True
formal-run-01-CCP30-solution-0209,emission,9361910782.488306,9361910782.488306,True
formal-run-01-CCP30-solution-0209,makespan,553.1831612151473,553.1831612151473,True
formal-run-01-CCP30-solution-0210,cost,11827677.829410836,11827677.829410836,True
formal-run-01-CCP30-solution-0210,emission,9824574839.715103,9824574839.715103,True
formal-run-01-CCP30-solution-0210,makespan,573.945246781605,573.945246781605,True
formal-run-01-CCP30-solution-0211,cost,12154236.949070415,12154236.949070415,True
formal-run-01-CCP30-solution-0211,emission,9290152945.9266,9290152945.9266,True
formal-run-01-CCP30-solution-0211,makespan,570.7493163123478,570.7493163123478,True
formal-run-01-CCP30-solution-0212,cost,12119202.070476549,12119202.070476549,True
formal-run-01-CCP30-solution-0212,emission,9298964854.37881,9298964854.37881,True
formal-run-01-CCP30-solution-0212,makespan,570.7493163123478,570.7493163123478,True
formal-run-01-CCP30-solution-0213,cost,11853261.829141537,11853261.829141537,True
formal-run-01-CCP30-solution-0213,emission,9893627111.479752,9893627111.479752,True
formal-run-01-CCP30-solution-0213,makespan,536.6461741697174,536.6461741697174,True
formal-run-01-CCP30-solution-0214,cost,12112936.536328137,12112936.536328137,True
formal-run-01-CCP30-solution-0214,emission,9458992905.29382,9458992905.29382,True
formal-run-01-CCP30-solution-0214,makespan,550.9444389809082,550.9444389809082,True
formal-run-01-CCP30-solution-0215,cost,11885926.971237756,11885926.971237756,True
formal-run-01-CCP30-solution-0215,emission,9729100345.935228,9729100345.935228,True
formal-run-01-CCP30-solution-0215,makespan,555.2163586788495,555.2163586788495,True
formal-run-01-CCP30-solution-0216,cost,12192783.739934055,12192783.739934055,True
formal-run-01-CCP30-solution-0216,emission,9377829200.115562,9377829200.115562,True
formal-run-01-CCP30-solution-0216,makespan,552.8716169976149,552.8716169976149,True
formal-run-01-CCP30-solution-0217,cost,11910907.82668761,11910907.82668761,True
formal-run-01-CCP30-solution-0217,emission,9696658013.21293,9696658013.21293,True
formal-run-01-CCP30-solution-0217,makespan,536.6461741697174,536.6461741697174,True
formal-run-01-CCP30-solution-0219,cost,11855449.5747406,11855449.5747406,True
formal-run-01-CCP30-solution-0219,emission,9614288886.592136,9614288886.592136,True
formal-run-01-CCP30-solution-0219,makespan,574.7645130351591,574.7645130351591,True
formal-run-01-CCP30-solution-0220,cost,11964579.509782786,11964579.509782786,True
formal-run-01-CCP30-solution-0220,emission,9659874659.717466,9659874659.717466,True
formal-run-01-CCP30-solution-0220,makespan,537.1057664957777,537.1057664957777,True
formal-run-01-CCP30-solution-0221,cost,11820140.442228109,11820140.442228109,True
formal-run-01-CCP30-solution-0221,emission,9894858462.245626,9894858462.245626,True
formal-run-01-CCP30-solution-0221,makespan,562.9002955865794,562.9002955865794,True
formal-run-01-CCP30-solution-0222,cost,12064891.08755577,12064891.08755577,True
formal-run-01-CCP30-solution-0222,emission,9786719348.221336,9786719348.221336,True
formal-run-01-CCP30-solution-0222,makespan,528.5010677514558,528.5010677514558,True
formal-run-01-CCP30-solution-0223,cost,11868604.419666203,11868604.419666203,True
formal-run-01-CCP30-solution-0223,emission,9883572950.35201,9883572950.35201,True
formal-run-01-CCP30-solution-0223,makespan,536.6461741697174,536.6461741697174,True
formal-run-01-CCP30-solution-0224,cost,12125816.6058193,12125816.6058193,True
formal-run-01-CCP30-solution-0224,emission,9292326074.3027,9292326074.3027,True
formal-run-01-CCP30-solution-0224,makespan,570.7493163123478,570.7493163123478,True
formal-run-01-CCP30-solution-0225,cost,12164396.770377137,12164396.770377137,True
formal-run-01-CCP30-solution-0225,emission,9343053403.92431,9343053403.92431,True
formal-run-01-CCP30-solution-0225,makespan,555.2163586788495,555.2163586788495,True
formal-run-01-CCP30-solution-0226,cost,12169261.743771598,12169261.743771598,True
formal-run-01-CCP30-solution-0226,emission,9416166613.345356,9416166613.345356,True
formal-run-01-CCP30-solution-0226,makespan,550.9444389809082,550.9444389809082,True
formal-run-01-CCP30-solution-0228,cost,11851315.955269346,11851315.955269346,True
formal-run-01-CCP30-solution-0228,emission,9832460716.224083,9832460716.224083,True
formal-run-01-CCP30-solution-0228,makespan,554.5387058180277,554.5387058180277,True
formal-run-01-CCP30-solution-0229,cost,12048364.541104032,12048364.541104032,True
formal-run-01-CCP30-solution-0229,emission,9537629460.10503,9537629460.10503,True
formal-run-01-CCP30-solution-0229,makespan,552.8716169976149,552.8716169976149,True
formal-run-01-CCP30-solution-0230,cost,12055849.018918408,12055849.018918408,True
formal-run-01-CCP30-solution-0230,emission,9317472052.133106,9317472052.133106,True
formal-run-01-CCP30-solution-0230,makespan,574.7027832522273,574.7027832522273,True
formal-run-01-CCP30-solution-0231,cost,11959706.61550673,11959706.61550673,True
formal-run-01-CCP30-solution-0231,emission,9532463877.699936,9532463877.699936,True
formal-run-01-CCP30-solution-0231,makespan,554.5387058180277,554.5387058180277,True
formal-run-01-CCP30-solution-0232,cost,12052374.578220759,12052374.578220759,True
formal-run-01-CCP30-solution-0232,emission,9377603010.51705,9377603010.51705,True
formal-run-01-CCP30-solution-0232,makespan,555.964572160971,555.964572160971,True
formal-run-01-CCP30-solution-0233,cost,12094279.589552449,12094279.589552449,True
formal-run-01-CCP30-solution-0233,emission,9444894913.279222,9444894913.279222,True
formal-run-01-CCP30-solution-0233,makespan,552.8716169976149,552.8716169976149,True
formal-run-01-CCP30-solution-0234,cost,11854924.11729596,11854924.11729596,True
formal-run-01-CCP30-solution-0234,emission,9750072628.057095,9750072628.057095,True
formal-run-01-CCP30-solution-0234,makespan,555.2163586788495,555.2163586788495,True
formal-run-01-CCP30-solution-0235,cost,11952533.667973489,11952533.667973489,True
formal-run-01-CCP30-solution-0235,emission,10166288027.079494,10166288027.079494,True
formal-run-01-CCP30-solution-0235,makespan,529.1067539577374,529.1067539577374,True
formal-run-01-CCP30-solution-0236,cost,11869026.861651853,11869026.861651853,True
formal-run-01-CCP30-solution-0236,emission,9577087236.484774,9577087236.484774,True
formal-run-01-CCP30-solution-0236,makespan,574.7645130351591,574.7645130351591,True
formal-run-01-CCP30-solution-0237,cost,12024682.319391983,12024682.319391983,True
formal-run-01-CCP30-solution-0237,emission,9346081971.469976,9346081971.469976,True
formal-run-01-CCP30-solution-0237,makespan,574.7027832522273,574.7027832522273,True
formal-run-01-CCP30-solution-0238,cost,12133636.283764038,12133636.283764038,True
formal-run-01-CCP30-solution-0238,emission,9280454314.75684,9280454314.75684,True
formal-run-01-CCP30-solution-0238,makespan,574.7733331840851,574.7733331840851,True
formal-run-01-CCP30-solution-0239,cost,12109414.89260766,12109414.89260766,True
formal-run-01-CCP30-solution-0239,emission,9310584228.624756,9310584228.624756,True
formal-run-01-CCP30-solution-0239,makespan,562.9002955865794,562.9002955865794,True
formal-run-01-CCP30-solution-0240,cost,11889947.27634397,11889947.27634397,True
formal-run-01-CCP30-solution-0240,emission,9733065720.115522,9733065720.115522,True
formal-run-01-CCP30-solution-0240,makespan,554.5387058180277,554.5387058180277,True
formal-run-01-CCP30-solution-0241,cost,12030273.478238119,12030273.478238119,True
formal-run-01-CCP30-solution-0241,emission,9409407490.211246,9409407490.211246,True
formal-run-01-CCP30-solution-0241,makespan,554.5387058180277,554.5387058180277,True
formal-run-01-CCP30-solution-0242,cost,11800821.447469594,11800821.447469594,True
formal-run-01-CCP30-solution-0242,emission,9790299660.32212,9790299660.32212,True
formal-run-01-CCP30-solution-0242,makespan,574.7645130351591,574.7645130351591,True
formal-run-01-CCP30-solution-0243,cost,12060686.238068752,12060686.238068752,True
formal-run-01-CCP30-solution-0243,emission,9547307492.728224,9547307492.728224,True
formal-run-01-CCP30-solution-0243,makespan,550.9444389809082,550.9444389809082,True
formal-run-01-CCP30-solution-0244,cost,12023260.581638033,12023260.581638033,True
formal-run-01-CCP30-solution-0244,emission,9790808998.93795,9790808998.93795,True
formal-run-01-CCP30-solution-0244,makespan,532.3885269194767,532.3885269194767,True
formal-run-01-CCP30-solution-0245,cost,12200046.34230687,12200046.34230687,True
formal-run-01-CCP30-solution-0245,emission,9396209694.539614,9396209694.539614,True
formal-run-01-CCP30-solution-0245,makespan,550.9444389809082,550.9444389809082,True
formal-run-01-CCP30-solution-0246,cost,12151986.131155228,12151986.131155228,True
formal-run-01-CCP30-solution-0246,emission,9322515637.425293,9322515637.425293,True
formal-run-01-CCP30-solution-0246,makespan,555.8999225371107,555.8999225371107,True
formal-run-01-CCP30-solution-0248,cost,11869978.97425796,11869978.97425796,True
formal-run-01-CCP30-solution-0248,emission,9632228924.228855,9632228924.228855,True
formal-run-01-CCP30-solution-0248,makespan,562.9002955865794,562.9002955865794,True
formal-run-01-CCP30-solution-0250,cost,11854731.791907903,11854731.791907903,True
formal-run-01-CCP30-solution-0250,emission,9805241910.076015,9805241910.076015,True
formal-run-01-CCP30-solution-0250,makespan,555.2163586788495,555.2163586788495,True
formal-run-01-CCP30-solution-0251,cost,11961302.73617004,11961302.73617004,True
formal-run-01-CCP30-solution-0251,emission,9653444662.185944,9653444662.185944,True
formal-run-01-CCP30-solution-0251,makespan,538.3877641078334,538.3877641078334,True
formal-run-01-CCP30-solution-0252,cost,11813892.534983559,11813892.534983559,True
formal-run-01-CCP30-solution-0252,emission,9894829836.01553,9894829836.01553,True
formal-run-01-CCP30-solution-0252,makespan,573.945246781605,573.945246781605,True
formal-run-01-CCP30-solution-0253,cost,11879648.227404814,11879648.227404814,True
formal-run-01-CCP30-solution-0253,emission,9807925447.131914,9807925447.131914,True
formal-run-01-CCP30-solution-0253,makespan,536.6461741697174,536.6461741697174,True
formal-run-01-CCP30-solution-0257,cost,12078175.947422523,12078175.947422523,True
formal-run-01-CCP30-solution-0257,emission,9360401502.091274,9360401502.091274,True
formal-run-01-CCP30-solution-0257,makespan,555.964572160971,555.964572160971,True
formal-run-01-CCP30-solution-0258,cost,12084628.083713016,12084628.083713016,True
formal-run-01-CCP30-solution-0258,emission,9304887720.122946,9304887720.122946,True
formal-run-01-CCP30-solution-0258,makespan,574.7733331840851,574.7733331840851,True
formal-run-01-CCP30-solution-0259,cost,11887928.516781386,11887928.516781386,True
formal-run-01-CCP30-solution-0259,emission,9801249253.78316,9801249253.78316,True
formal-run-01-CCP30-solution-0259,makespan,536.6461741697174,536.6461741697174,True
formal-run-01-CCP30-solution-0261,cost,12128355.694477307,12128355.694477307,True
formal-run-01-CCP30-solution-0261,emission,9359365335.92118,9359365335.92118,True
formal-run-01-CCP30-solution-0261,makespan,555.2163586788495,555.2163586788495,True
formal-run-01-CCP30-solution-0262,cost,12153028.734042203,12153028.734042203,True
formal-run-01-CCP30-solution-0262,emission,9400724056.540892,9400724056.540892,True
formal-run-01-CCP30-solution-0262,makespan,552.8716169976149,552.8716169976149,True
formal-run-01-CCP30-solution-0263,cost,11849784.749478428,11849784.749478428,True
formal-run-01-CCP30-solution-0263,emission,9726077434.485823,9726077434.485823,True
formal-run-01-CCP30-solution-0263,makespan,562.9002955865794,562.9002955865794,True
formal-run-01-CCP30-solution-0264,cost,12021354.79175442,12021354.79175442,True
formal-run-01-CCP30-solution-0264,emission,9337341824.780785,9337341824.780785,True
formal-run-01-CCP30-solution-0264,makespan,574.7645130351591,574.7645130351591,True
formal-run-01-CCP30-solution-0266,cost,11958604.470596755,11958604.470596755,True
formal-run-01-CCP30-solution-0266,emission,9522882349.661749,9522882349.661749,True
formal-run-01-CCP30-solution-0266,makespan,555.2163586788495,555.2163586788495,True
formal-run-01-CCP30-solution-0267,cost,12115851.930059725,12115851.930059725,True
formal-run-01-CCP30-solution-0267,emission,9433020284.826141,9433020284.826141,True
formal-run-01-CCP30-solution-0267,makespan,552.8716169976149,552.8716169976149,True
formal-run-01-CCP30-solution-0268,cost,11994760.853022391,11994760.853022391,True
formal-run-01-CCP30-solution-0268,emission,9368665446.06707,9368665446.06707,True
formal-run-01-CCP30-solution-0268,makespan,574.7733331840851,574.7733331840851,True
formal-run-01-CCP30-solution-0269,cost,11929063.20174925,11929063.20174925,True
formal-run-01-CCP30-solution-0269,emission,9576308591.824171,9576308591.824171,True
formal-run-01-CCP30-solution-0269,makespan,554.5387058180277,554.5387058180277,True
formal-run-01-CCP30-solution-0270,cost,12077107.72755679,12077107.72755679,True
formal-run-01-CCP30-solution-0270,emission,9548111363.35451,9548111363.35451,True
formal-run-01-CCP30-solution-0270,makespan,541.5757374678153,541.5757374678153,True
formal-run-01-CCP30-solution-0271,cost,11876275.663443549,11876275.663443549,True
formal-run-01-CCP30-solution-0271,emission,9618821804.459835,9618821804.459835,True
formal-run-01-CCP30-solution-0271,makespan,573.945246781605,573.945246781605,True
formal-run-01-CCP30-solution-0272,cost,11869483.79120909,11869483.79120909,True
formal-run-01-CCP30-solution-0272,emission,9672296694.515543,9672296694.515543,True
formal-run-01-CCP30-solution-0272,makespan,570.7493163123478,570.7493163123478,True
formal-run-01-CCP30-solution-0273,cost,12119696.790742407,12119696.790742407,True
formal-run-01-CCP30-solution-0273,emission,9425989227.031225,9425989227.031225,True
formal-run-01-CCP30-solution-0273,makespan,552.8716169976149,552.8716169976149,True
formal-run-01-CCP30-solution-0274,cost,11972183.525198454,11972183.525198454,True
formal-run-01-CCP30-solution-0274,emission,9630786875.850372,9630786875.850372,True
formal-run-01-CCP30-solution-0274,makespan,552.8716169976149,552.8716169976149,True
formal-run-01-CCP30-solution-0275,cost,12116557.6627283,12116557.6627283,True
formal-run-01-CCP30-solution-0275,emission,9426681945.515984,9426681945.515984,True
formal-run-01-CCP30-solution-0275,makespan,552.8716169976149,552.8716169976149,True
formal-run-01-CCP30-solution-0276,cost,12155566.981110496,12155566.981110496,True
formal-run-01-CCP30-solution-0276,emission,9397625420.03671,9397625420.03671,True
formal-run-01-CCP30-solution-0276,makespan,552.8716169976149,552.8716169976149,True
formal-run-01-CCP30-solution-0277,cost,12031812.94585108,12031812.94585108,True
formal-run-01-CCP30-solution-0277,emission,9576273797.153782,9576273797.153782,True
formal-run-01-CCP30-solution-0277,makespan,541.5757374678153,541.5757374678153,True
formal-run-01-CCP30-solution-0279,cost,12032516.768752577,12032516.768752577,True
formal-run-01-CCP30-solution-0279,emission,9560730788.272303,9560730788.272303,True
formal-run-01-CCP30-solution-0279,makespan,550.9444389809082,550.9444389809082,True
formal-run-01-CCP30-solution-0280,cost,11900092.129142905,11900092.129142905,True
formal-run-01-CCP30-solution-0280,emission,9667339603.669895,9667339603.669895,True
formal-run-01-CCP30-solution-0280,makespan,554.5387058180277,554.5387058180277,True
formal-run-01-CCP30-solution-0281,cost,12007736.462060118,12007736.462060118,True
formal-run-01-CCP30-solution-0281,emission,9410015405.469145,9410015405.469145,True
formal-run-01-CCP30-solution-0281,makespan,555.2163586788495,555.2163586788495,True
formal-run-01-CCP30-solution-0283,cost,11946335.80496331,11946335.80496331,True
formal-run-01-CCP30-solution-0283,emission,9663498823.313684,9663498823.313684,True
formal-run-01-CCP30-solution-0283,makespan,538.3877641078334,538.3877641078334,True
formal-run-01-CCP30-solution-0284,cost,12106683.671239145,12106683.671239145,True
formal-run-01-CCP30-solution-0284,emission,9320638389.752497,9320638389.752497,True
formal-run-01-CCP30-solution-0284,makespan,562.9002955865794,562.9002955865794,True
formal-run-01-CCP30-solution-0285,cost,12105309.752021013,12105309.752021013,True
formal-run-01-CCP30-solution-0285,emission,9291358086.194063,9291358086.194063,True
formal-run-01-CCP30-solution-0285,makespan,574.7027832522273,574.7027832522273,True
formal-run-01-CCP30-solution-0286,cost,11893772.697436247,11893772.697436247,True
formal-run-01-CCP30-solution-0286,emission,9805916357.90984,9805916357.90984,True
formal-run-01-CCP30-solution-0286,makespan,533.1477939747391,533.1477939747391,True
formal-run-01-CCP30-solution-0287,cost,11843011.445888748,11843011.445888748,True
formal-run-01-CCP30-solution-0287,emission,9879114872.430769,9879114872.430769,True
formal-run-01-CCP30-solution-0287,makespan,555.2163586788495,555.2163586788495,True
formal-run-01-CCP30-solution-0288,cost,11840280.224520234,11840280.224520234,True
formal-run-01-CCP30-solution-0288,emission,9889169033.55851,9889169033.55851,True
formal-run-01-CCP30-solution-0288,makespan,555.2163586788495,555.2163586788495,True
formal-run-01-CCP30-solution-0289,cost,12107503.432100916,12107503.432100916,True
formal-run-01-CCP30-solution-0289,emission,9303760716.72362,9303760716.72362,True
formal-run-01-CCP30-solution-0289,makespan,570.7493163123478,570.7493163123478,True
formal-run-01-CCP30-solution-0291,cost,11983708.61521027,11983708.61521027,True
formal-run-01-CCP30-solution-0291,emission,9489303600.138264,9489303600.138264,True
formal-run-01-CCP30-solution-0291,makespan,554.5387058180277,554.5387058180277,True
formal-run-01-CCP30-solution-0294,cost,12195353.831751782,12195353.831751782,True
formal-run-01-CCP30-solution-0294,emission,9398965104.91958,9398965104.91958,True
formal-run-01-CCP30-solution-0294,makespan,550.9444389809082,550.9444389809082,True
formal-run-01-CCP30-solution-0295,cost,12147200.88109765,12147200.88109765,True
formal-run-01-CCP30-solution-0295,emission,9294184117.372185,9294184117.372185,True
formal-run-01-CCP30-solution-0295,makespan,562.9002955865794,562.9002955865794,True
formal-run-01-CCP30-solution-0298,cost,12131456.393534929,12131456.393534929,True
formal-run-01-CCP30-solution-0298,emission,9412598684.99397,9412598684.99397,True
formal-run-01-CCP30-solution-0298,makespan,552.8716169976149,552.8716169976149,True
