stage1_candidate_id,master_seed,S,min_on_time_prob,binding_batch,binding_batch_set,chance_vio_total,chance_constraint_pass,max_late_excess_h,maxlate_screen_pass,miss_alloc,miss_tt,cap_excess,border_cap_excess,nonccp_hard_pass,feasible_hard,obj_cost,obj_emission_gCO2,obj_time_h,penalty,binding_batches
S1-01,700001,50,0.84,12,12,0.06000000000000005,False,0.0,True,0.0,0.0,0.0,0.0,True,False,7374778.10019665,7155341549.26,473.30781630562626,60000000.00000005,12
S1-02,700001,50,0.96,2,"2,16,17",0.0,True,0.0,True,0.0,0.0,0.0,0.0,True,True,6392841.093139559,7088706227.360001,408.351484551918,0.0,2|16|17
S1-03,700001,50,0.96,2,"2,16",0.0,True,0.0,True,0.0,0.0,0.0,0.0,True,True,6729156.626748809,7887089349.070001,387.0825122573405,0.0,2|16
S1-04,700001,50,0.96,16,16,0.0,True,0.0,True,0.0,0.0,0.0,0.0,True,True,6883734.241374685,8345740271.040001,382.37518707325376,0.0,16
S1-05,700001,50,0.96,2,"2,16",0.0,True,0.0,True,0.0,0.0,0.0,0.0,True,True,6839329.5712636225,8013513563.38,352.7206012423515,0.0,2|16
S1-06,700001,50,0.96,2,"2,16",0.0,True,0.0,True,0.0,0.0,0.0,0.0,True,True,6740257.1365647,8096246576.780001,352.7206012423515,0.0,2|16
S1-07,700001,50,0.94,8,8,0.0,True,0.0,True,0.0,0.0,0.0,0.0,True,True,6973925.049559763,8219219881.48,415.7054311971949,0.0,8
S1-08,700001,50,0.96,2,"2,16",0.0,True,0.0,True,0.0,0.0,0.0,0.0,True,True,7115548.936184717,9044968863.32,386.98204450226046,0.0,2|16
S1-09,700001,50,0.96,2,"2,8,11,16",0.0,True,0.0,True,0.0,0.0,0.0,0.0,True,True,7102838.758232168,8344498311.79,386.98204450226046,0.0,2|8|11|16
S1-10,700001,50,0.96,16,16,0.0,True,0.0,True,0.0,0.0,0.0,0.0,True,True,6744999.29106849,8134627364.78,352.7206012423515,0.0,16
S1-01,700001,100,0.9,2,2,0.0,True,0.0,True,0.0,0.0,0.0,0.0,True,True,7367106.665160805,7155341549.26,473.1583689652715,0.0,2
S1-02,700001,100,0.9,2,2,0.0,True,0.0,True,0.0,0.0,0.0,0.0,True,True,6635139.168708834,7088706227.360001,435.6142580767759,0.0,2
S1-03,700001,100,0.9,2,2,0.0,True,0.0,True,0.0,0.0,0.0,0.0,True,True,6837803.771258708,7887089349.070001,392.29794394339865,0.0,2
S1-04,700001,100,0.94,16,16,0.0,True,0.0,True,0.0,0.0,0.0,0.0,True,True,6889132.460995082,8345740271.040001,386.92781288557677,0.0,16
S1-05,700001,100,0.9,2,2,0.0,True,0.0,True,0.0,0.0,0.0,0.0,True,True,6847949.566384919,8013513563.38,392.245772952923,0.0,2
S1-06,700001,100,0.9,2,2,0.0,True,0.0,True,0.0,0.0,0.0,0.0,True,True,6747251.34525712,8096246576.780001,392.245772952923,0.0,2
S1-07,700001,100,0.93,2,"2,8",0.0,True,0.0,True,0.0,0.0,0.0,0.0,True,True,7067134.791378412,8219219881.48,466.12214494598305,0.0,2|8
S1-08,700001,100,0.93,2,2,0.0,True,0.0,True,0.0,0.0,0.0,0.0,True,True,7116282.269096717,9044968863.32,388.3612585861374,0.0,2
S1-09,700001,100,0.93,2,2,0.0,True,0.0,True,0.0,0.0,0.0,0.0,True,True,7104537.693589504,8344498311.79,407.967082450005,0.0,2
S1-10,700001,100,0.94,16,16,0.0,True,0.0,True,0.0,0.0,0.0,0.0,True,True,6746063.238133639,8134627364.78,379.3552482819046,0.0,16
S1-01,700001,200,0.915,2,2,0.0,True,0.0,True,0.0,0.0,0.0,0.0,True,True,7086144.072303417,7155341549.26,432.1360701322061,0.0,2
S1-02,700001,200,0.915,2,2,0.0,True,0.0,True,0.0,0.0,0.0,0.0,True,True,6644648.157170096,7088706227.360001,457.18780417166306,0.0,2
S1-03,700001,200,0.915,2,2,0.0,True,0.0,True,0.0,0.0,0.0,0.0,True,True,6812080.529898826,7887089349.070001,392.29794394339865,0.0,2
S1-04,700001,200,0.955,17,17,0.0,True,0.0,True,0.0,0.0,0.0,0.0,True,True,6889135.969397937,8345740271.040001,387.0190181710899,0.0,17
S1-05,700001,200,0.915,2,2,0.0,True,0.0,True,0.0,0.0,0.0,0.0,True,True,6846599.80378644,8013513563.38,390.80017459464545,0.0,2
S1-06,700001,200,0.915,2,2,0.0,True,0.0,True,0.0,0.0,0.0,0.0,True,True,6747251.34525712,8096246576.780001,390.80017459464545,0.0,2
S1-07,700001,200,0.935,8,8,0.0,True,0.0,True,0.0,0.0,0.0,0.0,True,True,7055306.784660143,8219219881.48,463.00833429679795,0.0,8
S1-08,700001,200,0.955,2,2,0.0,True,0.0,True,0.0,0.0,0.0,0.0,True,True,7114893.839166618,9044968863.32,387.0825122573405,0.0,2
S1-09,700001,200,0.955,2,2,0.0,True,0.0,True,0.0,0.0,0.0,0.0,True,True,7104537.693589504,8344498311.79,408.1611980483606,0.0,2
S1-10,700001,200,0.96,16,16,0.0,True,0.0,True,0.0,0.0,0.0,0.0,True,True,6744999.29106849,8134627364.78,379.3538575448192,0.0,16
S1-01,700002,50,0.88,2,2,0.020000000000000018,False,0.0,True,0.0,0.0,0.0,0.0,True,False,6940712.63010345,7155341549.26,431.4910076295046,20000000.00000002,2
S1-02,700002,50,0.88,2,2,0.020000000000000018,False,0.0,True,0.0,0.0,0.0,0.0,True,False,6628301.93226,7088706227.360001,441.4964334389287,20000000.00000002,2
S1-03,700002,50,0.88,2,2,0.020000000000000018,False,0.0,True,0.0,0.0,0.0,0.0,True,False,6814017.729618191,7887089349.070001,386.9228590417271,20000000.00000002,2
S1-04,700002,50,0.94,17,17,0.0,True,0.0,True,0.0,0.0,0.0,0.0,True,True,6885640.937316536,8345740271.040001,386.9228590417271,0.0,17
S1-05,700002,50,0.88,2,2,0.020000000000000018,False,0.0,True,0.0,0.0,0.0,0.0,True,False,6921803.834151782,8013513563.38,382.4482130764014,20000000.00000002,2
S1-06,700002,50,0.88,2,2,0.020000000000000018,False,0.0,True,0.0,0.0,0.0,0.0,True,False,6823599.162232073,8096246576.780001,382.4482130764014,20000000.00000002,2
S1-07,700002,50,0.92,8,8,0.0,True,0.0,True,0.0,0.0,0.0,0.0,True,True,7064788.486369733,8219219881.48,464.9657606776733,0.0,8
S1-08,700002,50,0.94,2,2,0.0,True,0.0,True,0.0,0.0,0.0,0.0,True,True,7112878.825442764,9044968863.32,386.9228590417271,0.0,2
S1-09,700002,50,0.92,2,2,0.0,True,0.0,True,0.0,0.0,0.0,0.0,True,True,7102667.174175157,8344498311.79,408.8828436272958,0.0,2
S1-10,700002,50,0.96,16,16,0.0,True,0.0,True,0.0,0.0,0.0,0.0,True,True,6742998.573495836,8134627364.78,374.14093256174806,0.0,16
S1-01,700002,100,0.86,2,2,0.040000000000000036,False,0.0,True,0.0,0.0,0.0,0.0,True,False,7044833.646921864,7155341549.26,431.80773713559074,40000000.00000004,2
S1-02,700002,100,0.86,2,2,0.040000000000000036,False,0.0,True,0.0,0.0,0.0,0.0,True,False,6749792.562516257,7088706227.360001,441.4964334389287,40000000.00000004,2
S1-03,700002,100,0.86,2,2,0.040000000000000036,False,0.0,True,0.0,0.0,0.0,0.0,True,False,6947638.313675742,7887089349.070001,401.05962543283687,40000000.00000004,2
S1-04,700002,100,0.91,17,17,0.0,True,0.0,True,0.0,0.0,0.0,0.0,True,True,6899358.486438322,8345740271.040001,393.4993074448357,0.0,17
S1-05,700002,100,0.86,2,2,0.040000000000000036,False,0.0,True,0.0,0.0,0.0,0.0,True,False,7002657.460685822,8013513563.38,396.4579789924693,40000000.00000004,2
S1-06,700002,100,0.86,2,2,0.040000000000000036,False,0.0,True,0.0,0.0,0.0,0.0,True,False,6902749.498181217,8096246576.780001,396.4579789924693,40000000.00000004,2
S1-07,700002,100,0.9,8,8,0.0,True,0.0,True,0.0,0.0,0.0,0.0,True,True,7276894.260144942,8219219881.48,467.2424530941101,0.0,8
S1-08,700002,100,0.93,2,2,0.0,True,0.0,True,0.0,0.0,0.0,0.0,True,True,7116767.744626697,9044968863.32,391.30720846610467,0.0,2
S1-09,700002,100,0.94,2,2,0.0,True,0.0,True,0.0,0.0,0.0,0.0,True,True,7102667.174175157,8344498311.79,411.0093009156809,0.0,2
S1-10,700002,100,0.97,16,16,0.0,True,0.0,True,0.0,0.0,0.0,0.0,True,True,6743975.914418212,8134627364.78,381.3435282886641,0.0,16
S1-01,700002,200,0.85,2,2,0.05500000000000005,False,0.0,True,0.0,0.0,0.0,0.0,True,False,7078698.542126926,7155341549.26,459.7936554448694,55000000.00000005,2
S1-02,700002,200,0.85,2,2,0.050000000000000044,False,0.0,True,0.0,0.0,0.0,0.0,True,False,6749792.562516257,7088706227.360001,441.4964334389287,50000000.000000045,2
S1-03,700002,200,0.85,2,2,0.050000000000000044,False,0.0,True,0.0,0.0,0.0,0.0,True,False,6947638.313675742,7887089349.070001,401.05962543283687,50000000.000000045,2
S1-04,700002,200,0.935,17,17,0.0,True,0.0,True,0.0,0.0,0.0,0.0,True,True,6898251.404079148,8345740271.040001,393.4993074448357,0.0,17
S1-05,700002,200,0.85,2,2,0.050000000000000044,False,0.0,True,0.0,0.0,0.0,0.0,True,False,7019976.069433082,8013513563.38,396.4579789924693,50000000.000000045,2
S1-06,700002,200,0.85,2,2,0.050000000000000044,False,0.0,True,0.0,0.0,0.0,0.0,True,False,6923419.344433224,8096246576.780001,396.4579789924693,50000000.000000045,2
S1-07,700002,200,0.905,8,8,0.0,True,0.0,True,0.0,0.0,0.0,0.0,True,True,7205868.757002302,8219219881.48,467.2424530941101,0.0,8
S1-08,700002,200,0.92,2,2,0.0,True,0.0,True,0.0,0.0,0.0,0.0,True,True,7213970.588491891,9044968863.32,395.4576309642839,0.0,2
S1-09,700002,200,0.935,2,2,0.0,True,0.0,True,0.0,0.0,0.0,0.0,True,True,7108065.3191079,8344498311.79,411.1634052873581,0.0,2
S1-10,700002,200,0.96,16,16,0.0,True,0.0,True,0.0,0.0,0.0,0.0,True,True,6747820.74986028,8134627364.78,387.4803472749601,0.0,16
S1-01,700003,50,0.9,17,17,0.0,True,0.0,True,0.0,0.0,0.0,0.0,True,True,6725340.508893203,7155341549.26,403.980060556129,0.0,17
S1-02,700003,50,0.9,17,17,0.0,True,0.0,True,0.0,0.0,0.0,0.0,True,True,6509746.631819761,7088706227.360001,403.9413658388311,0.0,17
S1-03,700003,50,0.9,17,17,0.0,True,0.0,True,0.0,0.0,0.0,0.0,True,True,6751741.384898067,7887089349.070001,387.07969175930515,0.0,17
S1-04,700003,50,0.9,17,17,0.0,True,0.0,True,0.0,0.0,0.0,0.0,True,True,6890002.647517519,8345740271.040001,387.0617443904595,0.0,17
S1-05,700003,50,0.96,2,2,0.0,True,0.0,True,0.0,0.0,0.0,0.0,True,True,6837080.868077538,8013513563.38,348.85493268449517,0.0,2
S1-06,700003,50,0.96,2,2,0.0,True,0.0,True,0.0,0.0,0.0,0.0,True,True,6736920.052652997,8096246576.780001,348.85493268449517,0.0,2
S1-07,700003,50,0.94,8,8,0.0,True,0.0,True,0.0,0.0,0.0,0.0,True,True,6969249.136090474,8219219881.48,410.44277147873805,0.0,8
S1-08,700003,50,0.98,2,"2,5,17",0.0,True,0.0,True,0.0,0.0,0.0,0.0,True,True,7113953.125278535,9044968863.32,386.79146282933516,0.0,2|5|17
S1-09,700003,50,0.98,1,"1,2,5,17",0.0,True,0.0,True,0.0,0.0,0.0,0.0,True,True,7101331.742867001,8344498311.79,387.0617443904595,0.0,1|2|5|17
S1-10,700003,50,0.98,5,5,0.0,True,0.0,True,0.0,0.0,0.0,0.0,True,True,6739536.843143248,8134627364.78,348.85493268449517,0.0,5
S1-01,700003,100,0.86,17,17,0.040000000000000036,False,0.0,True,0.0,0.0,0.0,0.0,True,False,6945474.812676043,7155341549.26,418.87744226421876,40000000.00000004,17
S1-02,700003,100,0.86,17,17,0.040000000000000036,False,0.0,True,0.0,0.0,0.0,0.0,True,False,6664311.498604666,7088706227.360001,420.4950175827905,40000000.00000004,17
S1-03,700003,100,0.87,17,17,0.030000000000000027,False,0.0,True,0.0,0.0,0.0,0.0,True,False,6815489.977061734,7887089349.070001,392.5817466432256,30000000.000000026,17
S1-04,700003,100,0.87,17,17,0.030000000000000027,False,0.0,True,0.0,0.0,0.0,0.0,True,False,6926984.721960286,8345740271.040001,392.5817466432256,30000000.000000026,17
S1-05,700003,100,0.92,2,2,0.0,True,0.0,True,0.0,0.0,0.0,0.0,True,True,6843064.154533885,8013513563.38,382.2639897288591,0.0,2
S1-06,700003,100,0.92,2,2,0.0,True,0.0,True,0.0,0.0,0.0,0.0,True,True,6743380.81504583,8096246576.780001,382.2639897288591,0.0,2
S1-07,700003,100,0.94,2,2,0.0,True,0.0,True,0.0,0.0,0.0,0.0,True,True,7269947.490971392,8219219881.48,415.14778554165696,0.0,2
S1-08,700003,100,0.94,2,2,0.0,True,0.0,True,0.0,0.0,0.0,0.0,True,True,7120325.4894013945,9044968863.32,387.08433669403246,0.0,2
S1-09,700003,100,0.96,2,2,0.0,True,0.0,True,0.0,0.0,0.0,0.0,True,True,7103380.114635936,8344498311.79,408.2110899442534,0.0,2
S1-10,700003,100,0.97,16,16,0.0,True,0.0,True,0.0,0.0,0.0,0.0,True,True,6743673.541271055,8134627364.78,367.6495276455421,0.0,16
S1-01,700003,200,0.905,2,"2,17",0.0,True,0.0,True,0.0,0.0,0.0,0.0,True,True,6957397.374091172,7155341549.26,431.9917504029569,0.0,2|17
S1-02,700003,200,0.905,2,"2,17",0.0,True,0.0,True,0.0,0.0,0.0,0.0,True,True,6715549.322947003,7088706227.360001,452.9463902906044,0.0,2|17
S1-03,700003,200,0.905,2,2,0.0,True,0.0,True,0.0,0.0,0.0,0.0,True,True,6871426.088806476,7887089349.070001,393.7408205706905,0.0,2
S1-04,700003,200,0.91,17,17,0.0,True,0.0,True,0.0,0.0,0.0,0.0,True,True,6907141.890383295,8345740271.040001,393.7408205706905,0.0,17
S1-05,700003,200,0.905,2,2,0.0,True,0.0,True,0.0,0.0,0.0,0.0,True,True,6859837.357543683,8013513563.38,387.3629658416212,0.0,2
S1-06,700003,200,0.905,2,2,0.0,True,0.0,True,0.0,0.0,0.0,0.0,True,True,6762155.696356861,8096246576.780001,387.3629658416212,0.0,2
S1-07,700003,200,0.93,2,2,0.0,True,0.0,True,0.0,0.0,0.0,0.0,True,True,7206311.20807511,8219219881.48,459.6553488338367,0.0,2
S1-08,700003,200,0.93,2,2,0.0,True,0.0,True,0.0,0.0,0.0,0.0,True,True,7123161.871051746,9044968863.32,390.25050589627136,0.0,2
S1-09,700003,200,0.94,2,2,0.0,True,0.0,True,0.0,0.0,0.0,0.0,True,True,7108424.966434306,8344498311.79,409.88174827262867,0.0,2
S1-10,700003,200,0.965,16,16,0.0,True,0.0,True,0.0,0.0,0.0,0.0,True,True,6745019.951818569,8134627364.78,382.2639897288591,0.0,16
S1-01,700004,50,0.86,2,2,0.06000000000000005,False,0.0,True,0.0,0.0,0.0,0.0,True,False,6972212.435970575,7155341549.26,431.6083237658054,60000000.00000005,2
S1-02,700004,50,0.86,2,2,0.040000000000000036,False,0.0,True,0.0,0.0,0.0,0.0,True,False,6657101.082381675,7088706227.360001,412.7774843670602,40000000.00000004,2
S1-03,700004,50,0.86,2,2,0.040000000000000036,False,0.0,True,0.0,0.0,0.0,0.0,True,False,6847942.282758526,7887089349.070001,385.05655668339017,40000000.00000004,2
S1-04,700004,50,0.96,17,17,0.0,True,0.0,True,0.0,0.0,0.0,0.0,True,True,6879076.792825631,8345740271.040001,381.58525841111094,0.0,17
S1-05,700004,50,0.86,2,2,0.040000000000000036,False,0.0,True,0.0,0.0,0.0,0.0,True,False,6956085.588117082,8013513563.38,385.05655668339017,40000000.00000004,2
S1-06,700004,50,0.86,2,2,0.040000000000000036,False,0.0,True,0.0,0.0,0.0,0.0,True,False,6857970.337384125,8096246576.780001,385.05655668339017,40000000.00000004,2
S1-07,700004,50,0.94,8,8,0.0,True,0.0,True,0.0,0.0,0.0,0.0,True,True,6968159.716447563,8219219881.48,412.5937049356919,0.0,8
S1-08,700004,50,0.98,2,"2,16",0.0,True,0.0,True,0.0,0.0,0.0,0.0,True,True,7110633.713118405,9044968863.32,378.2707311789941,0.0,2|16
S1-09,700004,50,0.98,2,"2,8,11,16",0.0,True,0.0,True,0.0,0.0,0.0,0.0,True,True,7097517.706237325,8344498311.79,410.5078049911478,0.0,2|8|11|16
S1-10,700004,50,0.98,16,16,0.0,True,0.0,True,0.0,0.0,0.0,0.0,True,True,6743952.954005767,8134627364.78,381.2748980751494,0.0,16
S1-01,700004,100,0.88,2,2,0.020000000000000018,False,0.0,True,0.0,0.0,0.0,0.0,True,False,6954586.943944457,7155341549.26,431.437425061419,20000000.00000002,2
S1-02,700004,100,0.88,2,2,0.020000000000000018,False,0.0,True,0.0,0.0,0.0,0.0,True,False,6662721.050157062,7088706227.360001,422.53105544454644,20000000.00000002,2
S1-03,700004,100,0.88,2,2,0.020000000000000018,False,0.0,True,0.0,0.0,0.0,0.0,True,False,6846976.569545617,7887089349.070001,388.28922475555385,20000000.00000002,2
S1-04,700004,100,0.95,17,17,0.0,True,0.0,True,0.0,0.0,0.0,0.0,True,True,6884597.339464113,8345740271.040001,387.07935853107233,0.0,17
S1-05,700004,100,0.88,2,2,0.020000000000000018,False,0.0,True,0.0,0.0,0.0,0.0,True,False,6954489.63340024,8013513563.38,384.9508383549197,20000000.00000002,2
S1-06,700004,100,0.88,2,2,0.020000000000000018,False,0.0,True,0.0,0.0,0.0,0.0,True,False,6857183.595445697,8096246576.780001,384.9508383549197,20000000.00000002,2
S1-07,700004,100,0.94,8,8,0.0,True,0.0,True,0.0,0.0,0.0,0.0,True,True,6971373.687771164,8219219881.48,413.3356916916942,0.0,8
S1-08,700004,100,0.97,2,2,0.0,True,0.0,True,0.0,0.0,0.0,0.0,True,True,7110633.713118405,9044968863.32,387.00440365004926,0.0,2
S1-09,700004,100,0.98,2,"2,8,11,16",0.0,True,0.0,True,0.0,0.0,0.0,0.0,True,True,7098898.464030618,8344498311.79,410.19957343221637,0.0,2|8|11|16
S1-10,700004,100,0.98,16,16,0.0,True,0.0,True,0.0,0.0,0.0,0.0,True,True,6743952.954005767,8134627364.78,381.58525841111094,0.0,16
S1-01,700004,200,0.895,2,2,0.0050000000000000044,False,0.0,True,0.0,0.0,0.0,0.0,True,False,6952406.761876137,7155341549.26,431.60278378227656,5000000.000000005,2
S1-02,700004,200,0.895,2,2,0.0050000000000000044,False,0.0,True,0.0,0.0,0.0,0.0,True,False,6648019.237430044,7088706227.360001,422.97812304373224,5000000.000000005,2
S1-03,700004,200,0.9,2,2,0.0,True,0.0,True,0.0,0.0,0.0,0.0,True,True,6795496.888465212,7887089349.070001,387.24255859025004,0.0,2
S1-04,700004,200,0.95,17,17,0.0,True,0.0,True,0.0,0.0,0.0,0.0,True,True,6880814.4265117515,8345740271.040001,387.0189725129239,0.0,17
S1-05,700004,200,0.9,2,2,0.0,True,0.0,True,0.0,0.0,0.0,0.0,True,True,6896344.621325548,8013513563.38,384.348350503192,0.0,2
S1-06,700004,200,0.9,2,2,0.0,True,0.0,True,0.0,0.0,0.0,0.0,True,True,6800065.516168273,8096246576.780001,384.348350503192,0.0,2
S1-07,700004,200,0.915,8,8,0.0,True,0.0,True,0.0,0.0,0.0,0.0,True,True,7068092.6298132595,8219219881.48,464.6537218158552,0.0,8
S1-08,700004,200,0.955,2,2,0.0,True,0.0,True,0.0,0.0,0.0,0.0,True,True,7111742.768857424,9044968863.32,387.0189725129239,0.0,2
S1-09,700004,200,0.965,2,2,0.0,True,0.0,True,0.0,0.0,0.0,0.0,True,True,7101179.525689642,8344498311.79,410.1116707329199,0.0,2
S1-10,700004,200,0.98,16,16,0.0,True,0.0,True,0.0,0.0,0.0,0.0,True,True,6743650.766557176,8134627364.78,380.91442959902764,0.0,16
S1-01,700005,50,0.88,17,17,0.020000000000000018,False,0.0,True,0.0,0.0,0.0,0.0,True,False,7084183.349447015,7155341549.26,464.47972509776343,20000000.00000002,17
S1-02,700005,50,0.88,17,17,0.020000000000000018,False,0.0,True,0.0,0.0,0.0,0.0,True,False,6753697.754983041,7088706227.360001,456.717820307312,20000000.00000002,17
S1-03,700005,50,0.88,17,17,0.020000000000000018,False,0.0,True,0.0,0.0,0.0,0.0,True,False,6862299.151159072,7887089349.070001,393.90057587090456,20000000.00000002,17
S1-04,700005,50,0.88,17,17,0.020000000000000018,False,0.0,True,0.0,0.0,0.0,0.0,True,False,6919655.204931952,8345740271.040001,393.3825361616356,20000000.00000002,17
S1-05,700005,50,0.9,2,2,0.0,True,0.0,True,0.0,0.0,0.0,0.0,True,True,6972155.70391437,8013513563.38,393.90057587090456,0.0,2
S1-06,700005,50,0.9,2,2,0.0,True,0.0,True,0.0,0.0,0.0,0.0,True,True,6873555.423967171,8096246576.780001,393.90057587090456,0.0,2
S1-07,700005,50,0.88,8,8,0.020000000000000018,False,0.0,True,0.0,0.0,0.0,0.0,True,False,7297464.519778392,8219219881.48,506.2949214788993,20000000.00000002,8
S1-08,700005,50,0.92,2,2,0.0,True,0.0,True,0.0,0.0,0.0,0.0,True,True,7186597.353005865,9044968863.32,397.3278307236045,0.0,2
S1-09,700005,50,0.94,2,"2,8,11,16",0.0,True,0.0,True,0.0,0.0,0.0,0.0,True,True,7110247.375142775,8344498311.79,410.85560245937205,0.0,2|8|11|16
S1-10,700005,50,0.94,16,16,0.0,True,0.0,True,0.0,0.0,0.0,0.0,True,True,6755466.534523203,8134627364.78,393.44525302591035,0.0,16
S1-01,700005,100,0.89,17,17,0.010000000000000009,False,2.6015883771946164,False,0.0,0.0,0.0,0.0,True,False,7084183.349447015,7155341549.26,432.2775427247701,2611588377.1946163,17
S1-02,700005,100,0.89,17,17,0.010000000000000009,False,0.0,True,0.0,0.0,0.0,0.0,True,False,6729484.075224342,7088706227.360001,443.2056851708757,10000000.00000001,17
S1-03,700005,100,0.89,17,17,0.010000000000000009,False,0.0,True,0.0,0.0,0.0,0.0,True,False,6890150.856187289,7887089349.070001,393.90057587090456,10000000.00000001,17
S1-04,700005,100,0.89,17,17,0.010000000000000009,False,0.0,True,0.0,0.0,0.0,0.0,True,False,6919655.204931952,8345740271.040001,397.2073465290897,10000000.00000001,17
S1-05,700005,100,0.9,2,2,0.0,True,0.0,True,0.0,0.0,0.0,0.0,True,True,6977371.745158629,8013513563.38,393.90057587090456,0.0,2
S1-06,700005,100,0.9,2,2,0.0,True,0.0,True,0.0,0.0,0.0,0.0,True,True,6876940.297554142,8096246576.780001,393.90057587090456,0.0,2
S1-07,700005,100,0.91,8,8,0.0,True,0.0,True,0.0,0.0,0.0,0.0,True,True,7293770.859597129,8219219881.48,470.7501479111821,0.0,8
S1-08,700005,100,0.94,2,2,0.0,True,0.0,True,0.0,0.0,0.0,0.0,True,True,7171884.118406413,9044968863.32,397.3278307236045,0.0,2
S1-09,700005,100,0.96,2,"2,5,17",0.0,True,0.0,True,0.0,0.0,0.0,0.0,True,True,7110247.375142775,8344498311.79,411.33733599000294,0.0,2|5|17
S1-10,700005,100,0.97,5,"5,16",0.0,True,0.0,True,0.0,0.0,0.0,0.0,True,True,6747418.998831377,8134627364.78,393.44525302591035,0.0,5|16
S1-01,700005,200,0.895,2,2,0.0050000000000000044,False,2.6015883771946164,False,0.0,0.0,0.0,0.0,True,False,7084183.349447015,7155341549.26,432.13222791691044,2606588377.1946163,2
S1-02,700005,200,0.895,2,2,0.0050000000000000044,False,0.0,True,0.0,0.0,0.0,0.0,True,False,6725692.008698444,7088706227.360001,419.34414710752895,5000000.000000005,2
S1-03,700005,200,0.895,2,2,0.0050000000000000044,False,0.0,True,0.0,0.0,0.0,0.0,True,False,6898583.214052499,7887089349.070001,395.87257441484667,5000000.000000005,2
S1-04,700005,200,0.905,17,17,0.0,True,0.0,True,0.0,0.0,0.0,0.0,True,True,6919655.204931952,8345740271.040001,400.8157786784014,0.0,17
S1-05,700005,200,0.895,2,2,0.0050000000000000044,False,0.0,True,0.0,0.0,0.0,0.0,True,False,6995326.8056744095,8013513563.38,394.22027422716167,5000000.000000005,2
S1-06,700005,200,0.895,2,2,0.0050000000000000044,False,0.0,True,0.0,0.0,0.0,0.0,True,False,6895093.190843286,8096246576.780001,394.22027422716167,5000000.000000005,2
S1-07,700005,200,0.91,8,8,0.0,True,0.0,True,0.0,0.0,0.0,0.0,True,True,7244520.96528491,8219219881.48,467.9127704868056,0.0,8
S1-08,700005,200,0.93,2,2,0.0,True,0.0,True,0.0,0.0,0.0,0.0,True,True,7138346.968594104,9044968863.32,396.2932035318197,0.0,2
S1-09,700005,200,0.945,2,2,0.0,True,0.0,True,0.0,0.0,0.0,0.0,True,True,7108704.113068493,8344498311.79,410.7382618827512,0.0,2
S1-10,700005,200,0.965,16,16,0.0,True,0.0,True,0.0,0.0,0.0,0.0,True,True,6747329.521850205,8134627364.78,391.91687053256834,0.0,16
S1-01,700006,50,0.92,2,"2,12,17,20",0.0,True,0.0,True,0.0,0.0,0.0,0.0,True,True,6978721.780592524,7155341549.26,432.29159597735537,0.0,2|12|17|20
S1-02,700006,50,0.92,2,"2,17,20",0.0,True,0.0,True,0.0,0.0,0.0,0.0,True,True,6715536.654844312,7088706227.360001,460.4696151880062,0.0,2|17|20
S1-03,700006,50,0.92,2,"2,17",0.0,True,0.0,True,0.0,0.0,0.0,0.0,True,True,6857049.067793898,7887089349.070001,391.27722078864934,0.0,2|17
S1-04,700006,50,0.92,17,17,0.0,True,0.0,True,0.0,0.0,0.0,0.0,True,True,6913042.627261347,8345740271.040001,389.4973569945513,0.0,17
S1-05,700006,50,0.92,2,2,0.0,True,0.0,True,0.0,0.0,0.0,0.0,True,True,6848990.141614484,8013513563.38,385.76335857674866,0.0,2
S1-06,700006,50,0.92,2,2,0.0,True,0.0,True,0.0,0.0,0.0,0.0,True,True,6747503.019527432,8096246576.780001,385.76335857674866,0.0,2
S1-07,700006,50,0.9,8,8,0.0,True,0.0,True,0.0,0.0,0.0,0.0,True,True,7113223.7150041135,8219219881.48,465.8472219087027,0.0,8
S1-08,700006,50,0.94,2,2,0.0,True,0.0,True,0.0,0.0,0.0,0.0,True,True,7120198.836455089,9044968863.32,388.14669159369157,0.0,2
S1-09,700006,50,0.94,2,2,0.0,True,0.0,True,0.0,0.0,0.0,0.0,True,True,7113857.103023862,8344498311.79,409.95496482809983,0.0,2
S1-10,700006,50,0.96,16,16,0.0,True,0.0,True,0.0,0.0,0.0,0.0,True,True,6748121.213035923,8134627364.78,382.6664685199092,0.0,16
S1-01,700006,100,0.93,2,"2,12",0.0,True,0.0,True,0.0,0.0,0.0,0.0,True,True,6958211.09118768,7155341549.26,432.22702005642526,0.0,2|12
S1-02,700006,100,0.93,2,2,0.0,True,0.0,True,0.0,0.0,0.0,0.0,True,True,6532912.091715894,7088706227.360001,424.50475494860257,0.0,2
S1-03,700006,100,0.93,2,2,0.0,True,0.0,True,0.0,0.0,0.0,0.0,True,True,6763280.210767162,7887089349.070001,389.4973569945513,0.0,2
S1-04,700006,100,0.95,17,17,0.0,True,0.0,True,0.0,0.0,0.0,0.0,True,True,6888082.005071869,8345740271.040001,387.20415357420745,0.0,17
S1-05,700006,100,0.93,2,2,0.0,True,0.0,True,0.0,0.0,0.0,0.0,True,True,6843063.114409457,8013513563.38,385.76335857674866,0.0,2
S1-06,700006,100,0.93,2,2,0.0,True,0.0,True,0.0,0.0,0.0,0.0,True,True,6742400.387500082,8096246576.780001,385.76335857674866,0.0,2
S1-07,700006,100,0.94,8,8,0.0,True,0.0,True,0.0,0.0,0.0,0.0,True,True,7071227.323018452,8219219881.48,445.56767285462587,0.0,8
S1-08,700006,100,0.95,2,2,0.0,True,0.0,True,0.0,0.0,0.0,0.0,True,True,7117320.308626672,9044968863.32,387.8698251503386,0.0,2
S1-09,700006,100,0.95,2,2,0.0,True,0.0,True,0.0,0.0,0.0,0.0,True,True,7109416.055554533,8344498311.79,401.065606640585,0.0,2
S1-10,700006,100,0.96,16,16,0.0,True,0.0,True,0.0,0.0,0.0,0.0,True,True,6746756.358116032,8134627364.78,381.96985606018467,0.0,16
S1-01,700006,200,0.905,2,2,0.0,True,0.0,True,0.0,0.0,0.0,0.0,True,True,7007519.579001612,7155341549.26,432.41678871977547,0.0,2
S1-02,700006,200,0.905,2,2,0.0,True,0.0,True,0.0,0.0,0.0,0.0,True,True,6721650.815969589,7088706227.360001,443.1891308975819,0.0,2
S1-03,700006,200,0.905,2,2,0.0,True,0.0,True,0.0,0.0,0.0,0.0,True,True,6914756.73652769,7887089349.070001,402.92338260301807,0.0,2
S1-04,700006,200,0.94,16,"16,17,20",0.0,True,0.0,True,0.0,0.0,0.0,0.0,True,True,6935255.694518596,8345740271.040001,397.986785734711,0.0,16|17|20
S1-05,700006,200,0.905,2,2,0.0,True,0.0,True,0.0,0.0,0.0,0.0,True,True,7009971.724917492,8013513563.38,396.0646629416011,0.0,2
S1-06,700006,200,0.905,2,2,0.0,True,0.0,True,0.0,0.0,0.0,0.0,True,True,6915596.780599531,8096246576.780001,396.0646629416011,0.0,2
S1-07,700006,200,0.92,2,2,0.0,True,0.0,True,0.0,0.0,0.0,0.0,True,True,7285328.067101814,8219219881.48,465.5929855842808,0.0,2
S1-08,700006,200,0.92,2,2,0.0,True,0.0,True,0.0,0.0,0.0,0.0,True,True,7211597.38864159,9044968863.32,394.7930214668322,0.0,2
S1-09,700006,200,0.92,2,2,0.0,True,0.0,True,0.0,0.0,0.0,0.0,True,True,7313241.464390594,8344498311.79,410.28601846454876,0.0,2
S1-10,700006,200,0.94,16,16,0.0,True,0.0,True,0.0,0.0,0.0,0.0,True,True,6751398.9399484005,8134627364.78,386.0866524432825,0.0,16
S1-01,700007,50,0.86,17,17,0.040000000000000036,False,0.0,True,0.0,0.0,0.0,0.0,True,False,6971029.651482515,7155341549.26,432.4598295983474,40000000.00000004,17
S1-02,700007,50,0.86,17,17,0.040000000000000036,False,0.0,True,0.0,0.0,0.0,0.0,True,False,6503253.378405333,7088706227.360001,431.1219129866947,40000000.00000004,17
S1-03,700007,50,0.86,17,17,0.040000000000000036,False,0.0,True,0.0,0.0,0.0,0.0,True,False,6781992.4230445875,7887089349.070001,391.3995789219881,40000000.00000004,17
S1-04,700007,50,0.86,17,17,0.040000000000000036,False,0.0,True,0.0,0.0,0.0,0.0,True,False,6929891.862890746,8345740271.040001,392.9209234266884,40000000.00000004,17
S1-05,700007,50,0.98,2,"2,5",0.0,True,0.0,True,0.0,0.0,0.0,0.0,True,True,6838286.362338884,8013513563.38,348.613424047886,0.0,2|5
S1-06,700007,50,0.98,2,"2,5",0.0,True,0.0,True,0.0,0.0,0.0,0.0,True,True,6738733.032436837,8096246576.780001,348.613424047886,0.0,2|5
S1-07,700007,50,0.94,5,"5,7,8,17",0.0,True,0.0,True,0.0,0.0,0.0,0.0,True,True,7054602.894577952,8219219881.48,445.1222179804579,0.0,5|7|8|17
S1-08,700007,50,0.94,5,"5,17",0.0,True,0.0,True,0.0,0.0,0.0,0.0,True,True,7116685.397570185,9044968863.32,387.0237541415166,0.0,5|17
S1-09,700007,50,0.94,5,"5,17",0.0,True,0.0,True,0.0,0.0,0.0,0.0,True,True,7103590.387167322,8344498311.79,387.0237541415166,0.0,5|17
S1-10,700007,50,0.98,5,5,0.0,True,0.0,True,0.0,0.0,0.0,0.0,True,True,6744902.314713463,8134627364.78,348.613424047886,0.0,5
S1-01,700007,100,0.88,17,17,0.020000000000000018,False,0.0,True,0.0,0.0,0.0,0.0,True,False,6971029.651482515,7155341549.26,432.4598295983474,20000000.00000002,17
S1-02,700007,100,0.88,17,17,0.020000000000000018,False,0.0,True,0.0,0.0,0.0,0.0,True,False,6511862.255524099,7088706227.360001,426.95545653804885,20000000.00000002,17
S1-03,700007,100,0.88,17,17,0.020000000000000018,False,0.0,True,0.0,0.0,0.0,0.0,True,False,6781992.4230445875,7887089349.070001,387.3490757505949,20000000.00000002,17
S1-04,700007,100,0.88,17,17,0.020000000000000018,False,0.0,True,0.0,0.0,0.0,0.0,True,False,6887457.163255846,8345740271.040001,387.3490757505949,20000000.00000002,17
S1-05,700007,100,0.97,2,2,0.0,True,0.0,True,0.0,0.0,0.0,0.0,True,True,6839028.565781059,8013513563.38,366.4013971015125,0.0,2
S1-06,700007,100,0.97,2,2,0.0,True,0.0,True,0.0,0.0,0.0,0.0,True,True,6739247.412161127,8096246576.780001,366.4013971015125,0.0,2
S1-07,700007,100,0.94,5,"5,7,8,17",0.0,True,0.0,True,0.0,0.0,0.0,0.0,True,True,7051913.593383094,8219219881.48,447.70863968387704,0.0,5|7|8|17
S1-08,700007,100,0.94,5,"5,17",0.0,True,0.0,True,0.0,0.0,0.0,0.0,True,True,7115819.352465843,9044968863.32,386.9274066557674,0.0,5|17
S1-09,700007,100,0.94,5,"5,17",0.0,True,0.0,True,0.0,0.0,0.0,0.0,True,True,7103590.387167322,8344498311.79,387.04249317912854,0.0,5|17
S1-10,700007,100,0.98,5,5,0.0,True,0.0,True,0.0,0.0,0.0,0.0,True,True,6743938.115652381,8134627364.78,366.4013971015125,0.0,5
S1-01,700007,200,0.895,2,2,0.0050000000000000044,False,0.0,True,0.0,0.0,0.0,0.0,True,False,7093836.970928498,7155341549.26,432.4598295983474,5000000.000000005,2
S1-02,700007,200,0.895,2,2,0.0050000000000000044,False,0.0,True,0.0,0.0,0.0,0.0,True,False,6693753.335140034,7088706227.360001,451.965894574532,5000000.000000005,2
S1-03,700007,200,0.895,2,2,0.0050000000000000044,False,0.0,True,0.0,0.0,0.0,0.0,True,False,6923144.606092749,7887089349.070001,396.0305002464203,5000000.000000005,2
S1-04,700007,200,0.905,17,17,0.0,True,0.0,True,0.0,0.0,0.0,0.0,True,True,6933706.91023786,8345740271.040001,396.0305002464203,0.0,17
S1-05,700007,200,0.895,2,2,0.0050000000000000044,False,0.0,True,0.0,0.0,0.0,0.0,True,False,6895431.577255254,8013513563.38,392.56915412258473,5000000.000000005,2
S1-06,700007,200,0.895,2,2,0.0050000000000000044,False,0.0,True,0.0,0.0,0.0,0.0,True,False,6796793.201288872,8096246576.780001,392.56915412258473,5000000.000000005,2
S1-07,700007,200,0.91,8,8,0.0,True,0.0,True,0.0,0.0,0.0,0.0,True,True,7272585.524158612,8219219881.48,466.2580477742725,0.0,8
S1-08,700007,200,0.945,2,2,0.0,True,0.0,True,0.0,0.0,0.0,0.0,True,True,7119898.803766041,9044968863.32,388.70251320837485,0.0,2
S1-09,700007,200,0.95,2,2,0.0,True,0.0,True,0.0,0.0,0.0,0.0,True,True,7106785.115890703,8344498311.79,411.34034032054564,0.0,2
S1-10,700007,200,0.965,16,16,0.0,True,0.0,True,0.0,0.0,0.0,0.0,True,True,6746224.53119043,8134627364.78,380.6839012827531,0.0,16
S1-01,700008,50,0.92,2,2,0.0,True,0.0,True,0.0,0.0,0.0,0.0,True,True,6904247.460643853,7155341549.26,415.54600817921687,0.0,2
S1-02,700008,50,0.92,2,2,0.0,True,0.0,True,0.0,0.0,0.0,0.0,True,True,6575189.808817382,7088706227.360001,441.6844853787752,0.0,2
S1-03,700008,50,0.92,2,2,0.0,True,0.0,True,0.0,0.0,0.0,0.0,True,True,6771988.604387248,7887089349.070001,388.4480814128664,0.0,2
S1-04,700008,50,0.94,17,17,0.0,True,0.0,True,0.0,0.0,0.0,0.0,True,True,6883380.026816626,8345740271.040001,378.8787112165605,0.0,17
S1-05,700008,50,0.92,2,2,0.0,True,0.0,True,0.0,0.0,0.0,0.0,True,True,6878644.888674748,8013513563.38,386.5583880896987,0.0,2
S1-06,700008,50,0.92,2,2,0.0,True,0.0,True,0.0,0.0,0.0,0.0,True,True,6782306.750737085,8096246576.780001,386.5583880896987,0.0,2
S1-07,700008,50,0.9,8,8,0.0,True,0.0,True,0.0,0.0,0.0,0.0,True,True,7296903.393438342,8219219881.48,468.7275606778808,0.0,8
S1-08,700008,50,0.94,2,2,0.0,True,0.0,True,0.0,0.0,0.0,0.0,True,True,7116469.7998328805,9044968863.32,389.75571208495745,0.0,2
S1-09,700008,50,0.96,2,"2,5,11,16,17",0.0,True,0.0,True,0.0,0.0,0.0,0.0,True,True,7102181.136140736,8344498311.79,411.015402045214,0.0,2|5|11|16|17
S1-10,700008,50,0.96,5,"5,16",0.0,True,0.0,True,0.0,0.0,0.0,0.0,True,True,6745028.529837699,8134627364.78,378.8787112165605,0.0,5|16
S1-01,700008,100,0.9,2,2,0.0,True,0.0,True,0.0,0.0,0.0,0.0,True,True,6958563.555485968,7155341549.26,432.01441877302307,0.0,2
S1-02,700008,100,0.9,2,2,0.0,True,0.0,True,0.0,0.0,0.0,0.0,True,True,6638551.325422635,7088706227.360001,425.1358393422714,0.0,2
S1-03,700008,100,0.9,2,2,0.0,True,0.0,True,0.0,0.0,0.0,0.0,True,True,6876849.311472867,7887089349.070001,396.09064254663423,0.0,2
S1-04,700008,100,0.93,17,17,0.0,True,0.0,True,0.0,0.0,0.0,0.0,True,True,6897416.69196112,8345740271.040001,388.1937534992154,0.0,17
S1-05,700008,100,0.9,2,2,0.0,True,0.0,True,0.0,0.0,0.0,0.0,True,True,6986918.755129037,8013513563.38,395.66202156692765,0.0,2
S1-06,700008,100,0.9,2,2,0.0,True,0.0,True,0.0,0.0,0.0,0.0,True,True,6889788.499897441,8096246576.780001,395.66202156692765,0.0,2
S1-07,700008,100,0.91,8,8,0.0,True,0.0,True,0.0,0.0,0.0,0.0,True,True,7068742.249836531,8219219881.48,467.36126218614737,0.0,8
S1-08,700008,100,0.95,2,2,0.0,True,0.0,True,0.0,0.0,0.0,0.0,True,True,7115955.062696473,9044968863.32,388.2768077111835,0.0,2
S1-09,700008,100,0.96,2,"2,11,16",0.0,True,0.0,True,0.0,0.0,0.0,0.0,True,True,7103388.890890665,8344498311.79,411.015402045214,0.0,2|11|16
S1-10,700008,100,0.96,16,16,0.0,True,0.0,True,0.0,0.0,0.0,0.0,True,True,6744260.367431183,8134627364.78,381.8822696791627,0.0,16
S1-01,700008,200,0.885,2,2,0.015000000000000013,False,0.0,True,0.0,0.0,0.0,0.0,True,False,7005512.307318773,7155341549.26,431.9080031448968,15000000.000000013,2
S1-02,700008,200,0.885,2,2,0.015000000000000013,False,0.0,True,0.0,0.0,0.0,0.0,True,False,6759496.899951641,7088706227.360001,441.6844853787752,15000000.000000013,2
S1-03,700008,200,0.885,2,2,0.015000000000000013,False,0.0,True,0.0,0.0,0.0,0.0,True,False,6922826.065218823,7887089349.070001,396.53437818183465,15000000.000000013,2
S1-04,700008,200,0.93,17,17,0.0,True,0.0,True,0.0,0.0,0.0,0.0,True,True,6892406.34517511,8345740271.040001,388.3747890448831,0.0,17
S1-05,700008,200,0.885,2,2,0.015000000000000013,False,0.0,True,0.0,0.0,0.0,0.0,True,False,6991123.078253327,8013513563.38,396.09064254663423,15000000.000000013,2
S1-06,700008,200,0.885,2,2,0.015000000000000013,False,0.0,True,0.0,0.0,0.0,0.0,True,False,6892509.517304147,8096246576.780001,396.09064254663423,15000000.000000013,2
S1-07,700008,200,0.925,8,8,0.0,True,0.0,True,0.0,0.0,0.0,0.0,True,True,7068742.249836531,8219219881.48,466.0505227461427,0.0,8
S1-08,700008,200,0.945,2,2,0.0,True,0.0,True,0.0,0.0,0.0,0.0,True,True,7116631.773823662,9044968863.32,389.75571208495745,0.0,2
S1-09,700008,200,0.955,2,2,0.0,True,0.0,True,0.0,0.0,0.0,0.0,True,True,7106103.468729751,8344498311.79,411.4141218825094,0.0,2
S1-10,700008,200,0.965,16,16,0.0,True,0.0,True,0.0,0.0,0.0,0.0,True,True,6745463.967725999,8134627364.78,386.8347508346205,0.0,16
S1-01,700009,50,0.92,20,20,0.0,True,0.0,True,0.0,0.0,0.0,0.0,True,True,6634594.571634454,7155341549.26,408.66356110263644,0.0,20
S1-02,700009,50,0.92,20,20,0.0,True,0.0,True,0.0,0.0,0.0,0.0,True,True,6510026.936854192,7088706227.360001,418.3425928757645,0.0,20
S1-03,700009,50,0.94,2,2,0.0,True,0.0,True,0.0,0.0,0.0,0.0,True,True,6731694.450989027,7887089349.070001,376.9566903208178,0.0,2
S1-04,700009,50,0.98,16,"16,17,20",0.0,True,0.0,True,0.0,0.0,0.0,0.0,True,True,6881753.00766056,8345740271.040001,360.00216434061394,0.0,16|17|20
S1-05,700009,50,0.94,2,2,0.0,True,0.0,True,0.0,0.0,0.0,0.0,True,True,6837904.897930513,8013513563.38,371.464851616757,0.0,2
S1-06,700009,50,0.94,2,2,0.0,True,0.0,True,0.0,0.0,0.0,0.0,True,True,6738421.182773997,8096246576.780001,371.464851616757,0.0,2
S1-07,700009,50,0.9,8,8,0.0,True,0.0,True,0.0,0.0,0.0,0.0,True,True,7041559.618790995,8219219881.48,465.99185427811307,0.0,8
S1-08,700009,50,0.96,2,2,0.0,True,0.0,True,0.0,0.0,0.0,0.0,True,True,7115306.506172661,9044968863.32,374.7219613004606,0.0,2
S1-09,700009,50,0.96,2,2,0.0,True,0.0,True,0.0,0.0,0.0,0.0,True,True,7105305.74611135,8344498311.79,381.03920077380604,0.0,2
S1-10,700009,50,0.98,16,16,0.0,True,0.0,True,0.0,0.0,0.0,0.0,True,True,6743196.217307542,8134627364.78,370.0025800322264,0.0,16
S1-01,700009,100,0.93,2,"2,12,17",0.0,True,3.7601148633746106,False,0.0,0.0,0.0,0.0,True,False,6952561.189067192,7155341549.26,431.2691895830664,3760114863.3746104,2|12|17
S1-02,700009,100,0.93,2,"2,17",0.0,True,0.0,True,0.0,0.0,0.0,0.0,True,True,6511379.917389951,7088706227.360001,418.15736643479664,0.0,2|17
S1-03,700009,100,0.93,2,2,0.0,True,0.0,True,0.0,0.0,0.0,0.0,True,True,6732811.797212685,7887089349.070001,386.92914590784284,0.0,2
S1-04,700009,100,0.94,17,17,0.0,True,0.0,True,0.0,0.0,0.0,0.0,True,True,6882278.110042447,8345740271.040001,377.5192345199925,0.0,17
S1-05,700009,100,0.93,2,2,0.0,True,0.0,True,0.0,0.0,0.0,0.0,True,True,6840479.4965678,8013513563.38,371.464851616757,0.0,2
S1-06,700009,100,0.93,2,2,0.0,True,0.0,True,0.0,0.0,0.0,0.0,True,True,6739968.536055745,8096246576.780001,371.464851616757,0.0,2
S1-07,700009,100,0.94,8,8,0.0,True,0.0,True,0.0,0.0,0.0,0.0,True,True,6969705.584097237,8219219881.48,416.54349794515207,0.0,8
S1-08,700009,100,0.97,2,2,0.0,True,0.0,True,0.0,0.0,0.0,0.0,True,True,7113184.7884521065,9044968863.32,386.92914590784284,0.0,2
S1-09,700009,100,0.97,2,2,0.0,True,0.0,True,0.0,0.0,0.0,0.0,True,True,7103203.990457757,8344498311.79,387.08700216470663,0.0,2
S1-10,700009,100,0.98,16,16,0.0,True,0.0,True,0.0,0.0,0.0,0.0,True,True,6744221.23172457,8134627364.78,370.0025800322264,0.0,16
S1-01,700009,200,0.91,2,2,0.0,True,3.7601148633746106,False,0.0,0.0,0.0,0.0,True,False,6996541.053511735,7155341549.26,431.81661935830004,3760114863.3746104,2
S1-02,700009,200,0.91,2,2,0.0,True,0.0,True,0.0,0.0,0.0,0.0,True,True,6651016.19517563,7088706227.360001,434.2467487794279,0.0,2
S1-03,700009,200,0.91,2,2,0.0,True,0.0,True,0.0,0.0,0.0,0.0,True,True,6846460.014260343,7887089349.070001,394.62215178921605,0.0,2
S1-04,700009,200,0.92,17,17,0.0,True,0.0,True,0.0,0.0,0.0,0.0,True,True,6884994.070701294,8345740271.040001,387.5097975285624,0.0,17
S1-05,700009,200,0.91,2,2,0.0,True,0.0,True,0.0,0.0,0.0,0.0,True,True,6843484.059200827,8013513563.38,389.2859087537968,0.0,2
S1-06,700009,200,0.91,2,2,0.0,True,0.0,True,0.0,0.0,0.0,0.0,True,True,6745005.4879382625,8096246576.780001,389.2859087537968,0.0,2
S1-07,700009,200,0.95,8,8,0.0,True,0.0,True,0.0,0.0,0.0,0.0,True,True,7041559.618790995,8219219881.48,447.2144655131698,0.0,8
S1-08,700009,200,0.955,2,2,0.0,True,0.0,True,0.0,0.0,0.0,0.0,True,True,7117745.381450544,9044968863.32,387.18409658666866,0.0,2
S1-09,700009,200,0.955,2,2,0.0,True,0.0,True,0.0,0.0,0.0,0.0,True,True,7105654.921546905,8344498311.79,409.20606928726403,0.0,2
S1-10,700009,200,0.97,16,16,0.0,True,0.0,True,0.0,0.0,0.0,0.0,True,True,6744221.23172457,8134627364.78,384.9945039616125,0.0,16
S1-01,700010,50,0.9,12,12,0.0,True,0.0,True,0.0,0.0,0.0,0.0,True,True,6950893.277291549,7155341549.26,431.97126906243096,0.0,12
S1-02,700010,50,0.94,2,"2,8,17",0.0,True,0.0,True,0.0,0.0,0.0,0.0,True,True,6499708.163071068,7088706227.360001,413.4959278202347,0.0,2|8|17
S1-03,700010,50,0.94,2,"2,17",0.0,True,0.0,True,0.0,0.0,0.0,0.0,True,True,6737321.323253435,7887089349.070001,386.89145140038795,0.0,2|17
S1-04,700010,50,0.94,17,17,0.0,True,0.0,True,0.0,0.0,0.0,0.0,True,True,6881246.705242364,8345740271.040001,381.34876828845285,0.0,17
S1-05,700010,50,0.94,2,2,0.0,True,0.0,True,0.0,0.0,0.0,0.0,True,True,6841501.187813863,8013513563.38,363.3160792325831,0.0,2
S1-06,700010,50,0.94,2,2,0.0,True,0.0,True,0.0,0.0,0.0,0.0,True,True,6741600.627796521,8096246576.780001,363.3160792325831,0.0,2
S1-07,700010,50,0.86,8,8,0.040000000000000036,False,0.0,True,0.0,0.0,0.0,0.0,True,False,7075731.526399751,8219219881.48,468.14478907680717,40000000.00000004,8
S1-08,700010,50,0.98,2,"2,5,17",0.0,True,0.0,True,0.0,0.0,0.0,0.0,True,True,7114266.313371409,9044968863.32,386.89145140038795,0.0,2|5|17
S1-09,700010,50,0.98,2,"2,5,17",0.0,True,0.0,True,0.0,0.0,0.0,0.0,True,True,7102653.156622698,8344498311.79,387.00691944558605,0.0,2|5|17
S1-10,700010,50,1.0,1,"1,2,3,4,5,6,7,8,9,10,11,12,13,14,15,16,17,18,19,20",0.0,True,0.0,True,0.0,0.0,0.0,0.0,True,True,6740862.6616281215,8134627364.78,363.3160792325831,0.0,1|2|3|4|5|6|7|8|9|10|11|12|13|14|15|16|17|18|19|20
S1-01,700010,100,0.9,17,17,0.0,True,0.0,True,0.0,0.0,0.0,0.0,True,True,6956362.66487419,7155341549.26,432.22585183812316,0.0,17
S1-02,700010,100,0.9,17,17,0.0,True,0.0,True,0.0,0.0,0.0,0.0,True,True,6587856.59706927,7088706227.360001,456.32173719387464,0.0,17
S1-03,700010,100,0.9,17,17,0.0,True,0.0,True,0.0,0.0,0.0,0.0,True,True,6802934.323305195,7887089349.070001,396.19414594483584,0.0,17
S1-04,700010,100,0.9,17,17,0.0,True,0.0,True,0.0,0.0,0.0,0.0,True,True,6919308.141362631,8345740271.040001,393.36168391225885,0.0,17
S1-05,700010,100,0.94,2,2,0.0,True,0.0,True,0.0,0.0,0.0,0.0,True,True,6847302.36318325,8013513563.38,390.0899505387055,0.0,2
S1-06,700010,100,0.94,2,2,0.0,True,0.0,True,0.0,0.0,0.0,0.0,True,True,6746378.522895286,8096246576.780001,390.0899505387055,0.0,2
S1-07,700010,100,0.89,8,8,0.010000000000000009,False,0.0,True,0.0,0.0,0.0,0.0,True,False,7077232.051082091,8219219881.48,467.94309612291164,10000000.00000001,8
S1-08,700010,100,0.96,2,"2,5,17",0.0,True,0.0,True,0.0,0.0,0.0,0.0,True,True,7115703.5516857905,9044968863.32,388.4323555843003,0.0,2|5|17
S1-09,700010,100,0.96,2,"2,5,17",0.0,True,0.0,True,0.0,0.0,0.0,0.0,True,True,7104904.579548496,8344498311.79,399.08276547786414,0.0,2|5|17
S1-10,700010,100,0.98,5,"5,16",0.0,True,0.0,True,0.0,0.0,0.0,0.0,True,True,6748928.313403499,8134627364.78,381.34876828845285,0.0,5|16
S1-01,700010,200,0.895,17,17,0.0050000000000000044,False,3.7171693777736436,False,0.0,0.0,0.0,0.0,True,False,6956362.66487419,7155341549.26,431.97126906243096,3722169377.7736435,17
S1-02,700010,200,0.895,17,17,0.0050000000000000044,False,0.0,True,0.0,0.0,0.0,0.0,True,False,6678799.120397778,7088706227.360001,459.73986463497135,5000000.000000005,17
S1-03,700010,200,0.9,17,17,0.0,True,0.0,True,0.0,0.0,0.0,0.0,True,True,6822501.271957799,7887089349.070001,394.4510268687798,0.0,17
S1-04,700010,200,0.9,17,17,0.0,True,0.0,True,0.0,0.0,0.0,0.0,True,True,6893045.403446222,8345740271.040001,388.5071639900551,0.0,17
S1-05,700010,200,0.935,2,2,0.0,True,0.0,True,0.0,0.0,0.0,0.0,True,True,6843334.229686663,8013513563.38,384.69612759242085,0.0,2
S1-06,700010,200,0.935,2,2,0.0,True,0.0,True,0.0,0.0,0.0,0.0,True,True,6744490.796776435,8096246576.780001,384.69612759242085,0.0,2
S1-07,700010,200,0.89,8,8,0.010000000000000009,False,0.0,True,0.0,0.0,0.0,0.0,True,False,7075731.526399751,8219219881.48,466.577001031789,10000000.00000001,8
S1-08,700010,200,0.955,5,"5,17",0.0,True,0.0,True,0.0,0.0,0.0,0.0,True,True,7115478.535034317,9044968863.32,390.2234139949564,0.0,5|17
S1-09,700010,200,0.955,5,"5,17",0.0,True,0.0,True,0.0,0.0,0.0,0.0,True,True,7103362.755429032,8344498311.79,409.4188398073263,0.0,5|17
S1-10,700010,200,0.985,5,5,0.0,True,0.0,True,0.0,0.0,0.0,0.0,True,True,6745342.718542865,8134627364.78,381.34876828845285,0.0,5
