candidate,candidate_name,candidate_label,level,seed,route_change_ratio,cost,emission_gCO2,time_h,penalty,feasible,total_teu,on_time_rate,infeasible_teu,late_teu_h,late_h_per_teu,p90_lateness_h,p95_lateness_h,max_border_util,border_cap_excess,arc_cap_excess,runtime_s,wall_s,pareto_size,final_feasible_ratio,final_feasible_ratio_strict,boost_gens_triggered,boost_new_feasible_total,scenario_params_json,cost_delta_rel,time_delta_rel,emission_delta_rel,on_time_drop,late_h_per_teu_delta,p95_lateness_delta_h
baseline,baseline,Baseline,baseline,2026,0.0,11552784.623508433,14346291315.191372,467.83142857142855,0.0,True,4455.0,1.0,0.0,0.0,0.0,0.0,0.0,0.9871913580246914,0.0,0.0,12.909376678988338,13.032934586983174,1,1.0,1.0,33,4,"{""baseline"": true}",0.0,0.0,0.0,0.0,0.0,0.0
baseline,baseline,Baseline,baseline,7,0.0,11698545.30133146,14810179017.71008,467.83142857142855,9062857.142859798,False,4455.0,0.9726150392817059,0.0,9.062857142859798,0.002034311367645297,0.0,0.0,0.9998330078977815,0.0,0.0,12.102313313167542,12.220278328284621,0,0.0,0.0,50,0,"{""baseline"": true}",0.0,0.0,0.0,0.0,0.0,0.0
baseline,baseline,Baseline,baseline,99,0.0,11384323.94070135,13768755693.342451,467.83142857142855,246334285.7142835,False,4455.0,0.9804713804713805,0.0,246.3342857142835,0.0552938912938908,0.0,0.0,0.9661478542034098,0.0,0.0,13.49240491585806,13.610052455682307,0,0.0,0.0,50,0,"{""baseline"": true}",0.0,0.0,0.0,0.0,0.0,0.0
C1,line_haul_travel_time,Line-haul travel time uncertainty,low,2026,0.8725476170792947,11591864.548764579,13994987012.967682,468.06787898184336,2467450331.242025,False,4455.0,0.9356530921538599,0.0,2467.4503312420247,0.5538609048803647,0.0,0.06395475545070894,0.9724509869500328,0.0,0.0,14.607527652289718,14.727436317130923,0,0.0,0.0,50,0,"{""candidate"": ""C1"", ""level"": ""low"", ""mean_multiplier"": 1.038740180325979, ""time_spread"": 0.08}",0.003382727760424399,0.0005054179688971386,-0.024487464704671922,0.06434690784614006,0.5538609048803647,0.06395475545070894
C1,line_haul_travel_time,Line-haul travel time uncertainty,low,7,0.7826949450699744,11445079.06794337,14194193866.101683,468.09888806329474,2120319235.3975863,False,4455.0,0.9815937149270483,0.0,2120.3192353975865,0.47594146698037854,0.0,0.0,0.9863011489957995,0.0,0.0,12.45115695381537,12.568477550987154,0,0.0,0.0,50,0,"{""candidate"": ""C1"", ""level"": ""low"", ""mean_multiplier"": 1.040412142973056, ""time_spread"": 0.08}",-0.0216664744939905,0.0005717005646305254,-0.04159201255243429,-0.008978675645342382,0.4739071556127332,0.0
C1,line_haul_travel_time,Line-haul travel time uncertainty,low,99,0.8324392568429789,11434747.767937448,13572048225.456093,468.1044792640181,1318986287.952288,False,4455.0,0.9726150392817059,0.0,1318.986287952288,0.29606875150444173,0.0,0.0,0.97180756600923,0.0,0.0,11.629658319987357,11.768224080093205,0,0.0,0.0,50,0,"{""candidate"": ""C1"", ""level"": ""low"", ""mean_multiplier"": 1.0396439200428613, ""time_spread"": 0.08}",0.004429233347429752,0.0005836518795313477,-0.014286510144229766,0.007856341189674598,0.24077486021055095,0.0
C1,line_haul_travel_time,Line-haul travel time uncertainty,medium,2026,0.8991700267420432,12047570.901231147,15002938400.031317,477.2272065873063,5556395022.731317,False,4455.0,0.9501683501683502,0.0,5556.395022731316,1.2472267166624729,0.0,0.0,0.9995881958279696,0.0,0.0,13.392236493062228,13.510784749872983,0,0.0,0.0,50,0,"{""candidate"": ""C1"", ""level"": ""medium"", ""mean_multiplier"": 1.0909657079973494, ""time_spread"": 0.18}",0.042828313159745744,0.020083682801236152,0.0457712080713583,0.04983164983164978,1.2472267166624729,0.0
C1,line_haul_travel_time,Line-haul travel time uncertainty,medium,7,0.9029498133198856,12335331.79192557,15932283442.414894,459.5938050345231,1958278498.338471,False,4455.0,0.9598204264870932,0.0,1958.2784983384709,0.4395686864957286,0.0,0.0,0.9636935842946771,0.0,0.0,14.080598831176758,14.202328098937869,0,0.0,0.0,50,0,"{""candidate"": ""C1"", ""level"": ""medium"", ""mean_multiplier"": 1.0882019792127404, ""time_spread"": 0.18}",0.0544329636028878,-0.01760810205090302,0.07576575700827096,0.012794612794612692,0.4375343751280833,0.0
C1,line_haul_travel_time,Line-haul travel time uncertainty,medium,99,0.9278637933310759,11993925.991407083,14906549214.325472,498.28532315305745,0.0,True,4455.0,0.9999999999999998,0.0,0.0,0.0,0.0,0.0,0.9838544513898669,0.0,0.0,13.582506360951811,13.701312265824527,2,0.2111111111111111,0.2111111111111111,47,3,"{""candidate"": ""C1"", ""level"": ""medium"", ""mean_multiplier"": 1.0891721947180575, ""time_spread"": 0.18}",0.05354749688088876,0.06509587155062029,0.08263590017311247,-0.019528619528619284,-0.0552938912938908,0.0
C1,line_haul_travel_time,Line-haul travel time uncertainty,high,2026,0.8652048905872839,11807432.816543177,15301276046.091413,469.42132110870705,0.0,True,4455.0,1.0000000000000002,0.0,0.0,0.0,0.0,0.0,0.9448484336686264,0.0,0.0,12.352839512284845,12.493078593164682,3,1.0,1.0,24,7,"{""candidate"": ""C1"", ""level"": ""high"", ""mean_multiplier"": 1.1482053308127358, ""time_spread"": 0.3}",0.022042148393952358,0.0033984303750891685,0.06656666241600731,-2.220446049250313e-16,0.0,0.0
C1,line_haul_travel_time,Line-haul travel time uncertainty,high,7,0.9006139799143147,12375402.64479142,14981389401.480112,472.9400898809362,6019033787.983393,False,4455.0,0.978675645342312,0.0,6019.033787983392,1.351073802016474,0.0,0.0,0.9895596671906411,0.0,0.0,16.913532320875674,17.032029419206083,0,0.0,0.0,50,0,"{""candidate"": ""C1"", ""level"": ""high"", ""mean_multiplier"": 1.1502760728616235, ""time_spread"": 0.3}",0.05785824869891508,0.010919876257795473,0.011560318316564488,-0.0060606060606061,1.3490394906488288,0.0
C1,line_haul_travel_time,Line-haul travel time uncertainty,high,99,0.8501825641685108,11973869.633174343,15181697485.2629,461.5467459594193,1929365965.127552,False,4455.0,0.9784885895997008,0.0,1929.365965127552,0.4330787800510779,0.0,0.0,0.9807871794155028,0.0,0.0,12.514278274960816,12.632098484784365,0,0.0,0.0,50,0,"{""candidate"": ""C1"", ""level"": ""high"", ""mean_multiplier"": 1.1503681603492895, ""time_spread"": 0.3}",0.051785744638312925,-0.013433647737605347,0.10261942497851437,0.0019827908716797404,0.37778488875718713,0.0
C2,border_processing_time,Border processing and break-of-gauge time uncertainty,low,2026,0.8214302903721299,11371992.577598996,13333514653.865162,469.25714285714287,1383354285.7142816,False,4455.0,0.9021324354657688,0.0,1383.3542857142816,0.31051723585056823,0.0,1.4871428571428282,0.9675485265079543,0.0,0.0,11.933545820880681,12.050657617859542,0,0.0,0.0,50,0,"{""candidate"": ""C2"", ""level"": ""low"", ""mean_multiplier"": 1.0801741326010885, ""time_spread"": 0.15}",-0.015649218071766682,0.0030474957402239653,-0.07059501574834012,0.09786756453423118,0.31051723585056823,1.4871428571428282
C2,border_processing_time,Border processing and break-of-gauge time uncertainty,low,7,0.8794175929259141,11709023.538569747,14891150337.585571,465.19714285714286,0.0,True,4455.0,1.0000000000000004,0.0,0.0,0.0,0.0,0.0,0.9852953508213219,0.0,0.0,12.816248605959117,12.933058900292963,2,1.0,1.0,25,9,"{""candidate"": ""C2"", ""level"": ""low"", ""mean_multiplier"": 1.0745792614267264, ""time_spread"": 0.15}",0.0008956871960049162,-0.00563084383263806,0.00546727489105069,-0.02738496071829455,-0.002034311367645297,0.0
C2,border_processing_time,Border processing and break-of-gauge time uncertainty,low,99,0.892245781981827,12244677.214996094,15837507884.98305,479.42999999999995,1399297142.8571422,False,4455.0,0.9598204264870933,0.0,1399.2971428571423,0.31409587942921263,0.0,0.0,0.994778028507649,0.0,0.0,13.39511884469539,13.512841687072068,0,0.0,0.0,50,0,"{""candidate"": ""C2"", ""level"": ""low"", ""mean_multiplier"": 1.0709582935769721, ""time_spread"": 0.15}",0.07557350605764121,0.024792202319516746,0.1502497566022537,0.02065095398428718,0.25880198813532185,0.0
C2,border_processing_time,Border processing and break-of-gauge time uncertainty,medium,2026,0.8018107977385376,11802476.015192287,14958434847.391619,471.67047619047617,1126157142.8571424,False,4455.0,0.9786756453423118,0.0,1126.1571428571424,0.25278499278499267,0.0,0.0,0.9280571433172751,0.0,0.0,14.371763993054628,14.488388103432953,0,0.0,0.0,50,0,"{""candidate"": ""C2"", ""level"": ""medium"", ""mean_multiplier"": 1.1794559250253032, ""time_spread"": 0.35}",0.021613091546410747,0.008206048983862728,0.04266911348384822,0.021324354657688227,0.25278499278499267,0.0
C2,border_processing_time,Border processing and break-of-gauge time uncertainty,medium,7,0.8534446179028762,11513186.611782188,14365388433.538427,467.83142857142855,0.0,True,4455.0,1.0000000000000002,0.0,0.0,0.0,0.0,0.0,0.9936736118422609,0.0,0.0,12.592991100158542,12.731641910038888,3,1.0,1.0,24,12,"{""candidate"": ""C2"", ""level"": ""medium"", ""mean_multiplier"": 1.1960816369910237, ""time_spread"": 0.35}",-0.015844593047665202,0.0,-0.03003276217254155,-0.027384960718294327,-0.002034311367645297,0.0
C2,border_processing_time,Border processing and break-of-gauge time uncertainty,medium,99,0.8930718836841399,11877724.185710542,15370883347.645998,467.83142857142855,0.0,True,4455.0,1.0,0.0,0.0,0.0,0.0,0.0,0.9303865870281864,0.0,0.0,13.09745343029499,13.214888310991228,1,1.0,1.0,45,7,"{""candidate"": ""C2"", ""level"": ""medium"", ""mean_multiplier"": 1.1854516199478613, ""time_spread"": 0.35}",0.043340320213937494,0.0,0.11635965442238307,-0.019528619528619506,-0.0552938912938908,0.0
C2,border_processing_time,Border processing and break-of-gauge time uncertainty,high,2026,0.9147283010067806,12060328.082857823,15330468851.954662,481.9354761904762,243538236.5589242,False,4455.0,0.96593239551533,0.0,243.5382365589242,0.054666270832530686,0.0,0.0,0.9923610710948418,0.0,0.0,13.008555901236832,13.126492592971772,0,0.0,0.0,50,0,"{""candidate"": ""C2"", ""level"": ""high"", ""mean_multiplier"": 1.3050597199594407, ""time_spread"": 0.6}",0.04393256482221649,0.03014771295318022,0.06860153018927889,0.034067604484670055,0.054666270832530686,0.0
C2,border_processing_time,Border processing and break-of-gauge time uncertainty,high,7,0.8184795653623546,11409125.85727043,14023869862.05161,442.22738095238094,1731918095.2380934,False,4455.0,0.9815937149270487,0.0,1731.9180952380934,0.3887582705360479,0.0,0.0,0.99,0.0,0.0,13.738826806657016,13.856848799157888,0,0.0,0.0,50,0,"{""candidate"": ""C2"", ""level"": ""high"", ""mean_multiplier"": 1.3116169881629252, ""time_spread"": 0.6}",-0.024739780597173022,-0.05472921666941488,-0.05309248151006117,-0.008978675645342826,0.3867239591684026,0.0
C2,border_processing_time,Border processing and break-of-gauge time uncertainty,high,99,0.9206657449701073,11692085.151097583,14496577759.24503,467.83142857142855,0.0,True,4455.0,1.0,0.0,0.0,0.0,0.0,0.0,0.9902633458139586,0.0,0.0,12.231097792740911,12.349300362169743,4,1.0,1.0,44,9,"{""candidate"": ""C2"", ""level"": ""high"", ""mean_multiplier"": 1.2913227294381582, ""time_spread"": 0.6}",0.027033771350788875,0.0,0.05286040961962155,-0.019528619528619506,-0.0552938912938908,0.0
C3,terminal_transshipment_time,Terminal/transshipment handling time uncertainty,low,2026,0.8337114980731097,11464502.58671916,14204370416.823647,467.83142857142855,1126157142.8571424,False,4455.0,0.978675645342312,0.0,1126.1571428571424,0.25278499278499267,0.0,0.0,0.9837521404961237,0.0,0.0,13.503810598980635,13.621311018243432,0,0.0,0.0,50,0,"{""candidate"": ""C3"", ""level"": ""low"", ""mean_multiplier"": 1.0726083692834305, ""time_spread"": 0.15}",-0.007641624047039653,0.0,-0.009892514744730194,0.021324354657688005,0.25278499278499267,0.0
C3,terminal_transshipment_time,Terminal/transshipment handling time uncertainty,low,7,0.8519552015405012,11418448.488388829,13942615126.341251,467.0571428571428,1126157142.8571424,False,4455.0,0.978675645342312,0.0,1126.1571428571424,0.25278499278499267,0.0,0.0,0.994,0.0,0.0,14.3596390360035,14.476374646183103,0,0.0,0.0,50,0,"{""candidate"": ""C3"", ""level"": ""low"", ""mean_multiplier"": 1.0724242522848033, ""time_spread"": 0.15}",-0.023942875436893215,-0.0016550527967949607,-0.05857889295810611,-0.0060606060606061,0.25075068141734735,0.0
C3,terminal_transshipment_time,Terminal/transshipment handling time uncertainty,low,99,0.8045288960062317,11383970.992966156,13991020389.900188,471.47714285714284,0.0,True,4455.0,0.9999999999999998,0.0,0.0,0.0,0.0,0.0,0.9173564270078446,0.0,0.0,12.71256502205506,12.82970556197688,2,1.0,1.0,45,4,"{""candidate"": ""C3"", ""level"": ""low"", ""mean_multiplier"": 1.068308385559522, ""time_spread"": 0.15}",-3.1002959598879164e-05,0.007792794718488357,0.016142685766819733,-0.019528619528619284,-0.0552938912938908,0.0
C3,terminal_transshipment_time,Terminal/transshipment handling time uncertainty,medium,2026,0.8391318288217746,11497871.839601973,13952955741.454212,465.19714285714286,1126157142.8571424,False,4455.0,0.978675645342312,0.0,1126.1571428571424,0.25278499278499267,0.0,0.0,0.9802382969106482,0.0,0.0,12.346227078232914,12.464346190914512,0,0.0,0.0,50,0,"{""candidate"": ""C3"", ""level"": ""medium"", ""mean_multiplier"": 1.1442094163139092, ""time_spread"": 0.3}",-0.004753207620154135,-0.00563084383263806,-0.02741723035560099,0.021324354657688005,0.25278499278499267,0.0
C3,terminal_transshipment_time,Terminal/transshipment handling time uncertainty,medium,7,0.8635393864623663,11287559.8411744,13802826842.307056,467.83142857142855,31859999.999997627,False,4455.0,0.9811447811447811,0.0,31.859999999997626,0.007151515151514618,0.0,0.0,0.9944444444444445,0.0,0.0,14.229374493006617,14.368250783067197,0,0.0,0.0,50,0,"{""candidate"": ""C3"", ""level"": ""medium"", ""mean_multiplier"": 1.1507614510954802, ""time_spread"": 0.3}",-0.03513133039800128,0.0,-0.06801755564186135,-0.008529741863075202,0.005117203783869321,0.0
C3,terminal_transshipment_time,Terminal/transshipment handling time uncertainty,medium,99,0.7809285887043501,11484062.952755034,14207300871.679413,467.83142857142855,9062857.142859798,False,4455.0,0.9726150392817056,0.0,9.062857142859798,0.002034311367645297,0.0,0.0,0.9387486973656565,0.0,0.0,14.063609462697059,14.200849365908653,0,0.0,0.0,50,0,"{""candidate"": ""C3"", ""level"": ""medium"", ""mean_multiplier"": 1.150585444835, ""time_spread"": 0.3}",0.00876108344889023,0.0,0.03185074876076199,0.007856341189674931,-0.0532595799262455,0.0
C3,terminal_transshipment_time,Terminal/transshipment handling time uncertainty,high,2026,0.8970474229498248,11897234.430231677,15370755106.849808,467.98380952380955,7027910.052912112,False,4455.0,0.9787639772207672,0.0,7.027910052912112,0.0015775331207434596,0.0,0.0,0.9825673089428232,0.0,0.0,15.145751378964633,15.261653979774565,0,0.0,0.0,50,0,"{""candidate"": ""C3"", ""level"": ""high"", ""mean_multiplier"": 1.2456968924005105, ""time_spread"": 0.5}",0.029815305828720582,0.0003257176475858401,0.07140966045863192,0.021236022779232755,0.0015775331207434596,0.0
C3,terminal_transshipment_time,Terminal/transshipment handling time uncertainty,high,7,0.8457897387866131,11064205.645168418,12922973545.942842,467.83142857142855,9062857.142859798,False,4455.0,0.9726150392817059,0.0,9.062857142859798,0.002034311367645297,0.0,0.0,0.932,0.0,0.0,13.50079699466005,13.620297372806817,0,0.0,0.0,50,0,"{""candidate"": ""C3"", ""level"": ""high"", ""mean_multiplier"": 1.254769408571142, ""time_spread"": 0.5}",-0.05422380644975111,0.0,-0.12742624309338246,0.0,0.0,0.0
C3,terminal_transshipment_time,Terminal/transshipment handling time uncertainty,high,99,0.8225934971194584,11540624.945226073,14256578420.511614,467.83142857142855,960026691.305747,False,4455.0,0.9822297044519268,0.0,938.4642857142853,0.21065416065416057,0.0,0.0,1.0008624962236585,0.43124811182923395,0.0,12.596723492722958,12.713202382903546,0,0.0,0.0,50,0,"{""candidate"": ""C3"", ""level"": ""high"", ""mean_multiplier"": 1.2346671403619285, ""time_spread"": 0.5}",0.013729493761672904,0.0,0.03542968863955061,-0.0017583239805463169,0.15536026936026975,0.0
C4,capacity_slot_availability,Service capacity and slot availability uncertainty,low,2026,0.8481317282628266,11772345.36270866,14958105340.793472,467.83142857142855,1126157142.8571424,False,4455.0,0.978675645342312,0.0,1126.1571428571424,0.25278499278499267,0.0,0.0,0.9810640511164114,0.0,0.0,13.454997679684311,13.572346572764218,0,0.0,0.0,50,0,"{""candidate"": ""C4"", ""capacity_loss"": 0.1, ""level"": ""low"", ""mean_capacity_multiplier"": 0.9500883709356099}",0.019005005836726936,0.0,0.042646145415592314,0.021324354657688005,0.25278499278499267,0.0
C4,capacity_slot_availability,Service capacity and slot availability uncertainty,low,7,0.7852307741573769,11505887.377142468,14162542527.87192,467.83142857142855,246334285.7142835,False,4455.0,0.9804713804713805,0.0,246.3342857142835,0.0552938912938908,0.0,0.0,0.9949223444681887,0.0,0.0,10.020469715353101,10.138675719033927,0,0.0,0.0,50,0,"{""candidate"": ""C4"", ""capacity_loss"": 0.1, ""level"": ""low"", ""mean_capacity_multiplier"": 0.9502666921986984}",-0.01646853683312786,0.0,-0.04372914662704029,-0.007856341189674598,0.0532595799262455,0.0
C4,capacity_slot_availability,Service capacity and slot availability uncertainty,low,99,0.8766748416954179,11658428.92573146,14663162362.10744,460.77714285714285,4226061.543752313,False,4455.0,0.9872302379322034,0.0,4.226061543752313,0.0009486108964651657,0.0,0.0,0.9807168990255843,0.0,0.0,14.435262511018664,14.554406382609159,0,0.0,0.0,50,0,"{""candidate"": ""C4"", ""capacity_loss"": 0.1, ""level"": ""low"", ""mean_capacity_multiplier"": 0.9505001192497448}",0.024077405602464116,-0.015078691347921377,0.06495915017196932,-0.006758857460822942,-0.05434528039742563,0.0
C4,capacity_slot_availability,Service capacity and slot availability uncertainty,medium,2026,0.8612286479142699,11718561.390430106,14118573816.573706,465.19714285714286,5001091352.699596,False,4455.0,0.8936953402405263,0.0,5001.091352699596,1.1225794282153976,0.07428571428573605,1.5224999999999795,0.9977253686137019,0.0,0.0,12.922056819777936,13.038314239121974,0,0.0,0.0,50,0,"{""candidate"": ""C4"", ""capacity_loss"": 0.25, ""level"": ""medium"", ""mean_capacity_multiplier"": 0.8738971253578348}",0.014349507268086566,-0.00563084383263806,-0.01587291750980512,0.10630465975947367,1.1225794282153976,1.5224999999999795
C4,capacity_slot_availability,Service capacity and slot availability uncertainty,medium,7,0.8810098947550807,12067221.92582757,15193257632.116795,473.92083333333335,1127826678.5273187,False,4455.0,0.9736308600141454,0.0,1127.8266785273188,0.2531597482665138,0.0,0.0,0.9796833600271185,0.0,0.0,12.731923994608223,12.847600918728858,0,0.0,0.0,50,0,"{""candidate"": ""C4"", ""capacity_loss"": 0.25, ""level"": ""medium"", ""mean_capacity_multiplier"": 0.8747947256162798}",0.031514740935708406,0.013016237024732235,0.025865900334400296,-0.001015820732439554,0.25112543689886846,0.0
C4,capacity_slot_availability,Service capacity and slot availability uncertainty,medium,99,0.9168376475106422,11845414.898714472,14467238405.049263,473.19642857142856,2523034523.809524,False,4455.0,0.9394001745853601,0.0,2523.034523809524,0.5663377157821603,0.0,0.07428571428573605,0.9569329991951362,0.0,0.0,13.080723455175757,13.198318263981491,0,0.0,0.0,50,0,"{""candidate"": ""C4"", ""capacity_loss"": 0.25, ""level"": ""medium"", ""mean_capacity_multiplier"": 0.8744699724699598}",0.040502269648584395,0.011467805864139117,0.05072954501215722,0.04107120588602042,0.5110438244882695,0.07428571428573605
C4,capacity_slot_availability,Service capacity and slot availability uncertainty,high,2026,0.9080810476440241,12152561.411325285,15424599630.897823,513.2516666666667,3871458370.043846,False,4455.0,0.9222795462684845,0.0,2209.6530001429965,0.49599393942603737,0.0,0.25166666666666515,1.0213765502809309,33.236107398017,0.0,13.362809005193412,13.502450385130942,0,0.0,0.0,50,0,"{""candidate"": ""C4"", ""capacity_loss"": 0.4, ""level"": ""high"", ""mean_capacity_multiplier"": 0.8021742130813162}",0.051916209586075346,0.09708676100264041,0.07516286209555946,0.07772045373151548,0.49599393942603737,0.25166666666666515
C4,capacity_slot_availability,Service capacity and slot availability uncertainty,high,7,0.8537972634586669,11613880.01795458,13971167745.242317,467.83142857142855,2962233884.548191,False,4455.0,0.9523655220463343,0.0,2343.815543850666,0.526108988518668,0.0,0.0,1.014025927733938,12.368366813950502,0.0,14.46201631007716,14.60308666806668,0,0.0,0.0,50,0,"{""candidate"": ""C4"", ""capacity_loss"": 0.4, ""level"": ""high"", ""mean_capacity_multiplier"": 0.8008370822801724}",-0.0072372488370194095,0.0,-0.05665098790936075,0.020249517235371606,0.5240746771510227,0.0
C4,capacity_slot_availability,Service capacity and slot availability uncertainty,high,99,0.904407077402103,11703305.04251338,13859273895.366505,516.7771428571428,3969696723.638823,False,4455.0,0.9108805685010611,0.0,3954.557126772711,0.8876671440567252,0.0,4.997500000000059,1.0004237799780096,0.3027919373222403,0.0,13.170390438754112,13.289621634874493,0,0.0,0.0,50,0,"{""candidate"": ""C4"", ""capacity_loss"": 0.4, ""level"": ""high"", ""mean_capacity_multiplier"": 0.7997715882003882}",0.028019327583573478,0.10462254413983063,0.006574174459920257,0.06959081197031936,0.8323732527628344,4.997500000000059
C5,shipment_volume,Shipment volume uncertainty,low,2026,0.8426440142834045,12267283.381535502,15352619713.972244,465.19714285714286,1657158928.6081812,False,4678.878356446061,0.9588894897103427,0.0,1657.1589286081812,0.35417867325512403,0.0,0.0,0.9855492854758562,0.0,0.0,12.878116033039987,12.99444762384519,0,0.0,0.0,50,0,"{""candidate"": ""C5"", ""demand_growth"": 0.1, ""level"": ""low"", ""mean_quantity_multiplier"": 1.0509063102582359}",0.06184645358774854,-0.00563084383263806,0.07014554330952874,0.04111051028965729,0.35417867325512403,0.0
C5,shipment_volume,Shipment volume uncertainty,low,7,0.8355064963525197,11751503.968447564,14321123373.069103,472.8988095238095,1188874293.1364377,False,4682.695210618579,0.9785827032154709,0.0,1188.8742931364377,0.2538867553114542,0.0,0.0,0.9609797117970051,0.0,0.0,12.364243117161095,12.500309667084366,0,0.0,0.0,50,0,"{""candidate"": ""C5"", ""demand_growth"": 0.1, ""level"": ""low"", ""mean_quantity_multiplier"": 1.0506204913214707}",0.004526944654398718,0.010831638583698282,-0.033021589006868926,-0.005967663933765022,0.2518524439438089,0.0
C5,shipment_volume,Shipment volume uncertainty,low,99,0.8581666707868856,12813674.699424595,16940559462.837843,486.80047619047616,0.0,True,4695.269680457854,1.0000000000000002,0.0,0.0,0.0,0.0,0.0,0.965591815590542,0.0,0.0,13.293686465825886,13.411215127911419,4,1.0,1.0,37,4,"{""candidate"": ""C5"", ""demand_growth"": 0.1, ""level"": ""low"", ""mean_quantity_multiplier"": 1.0538237673686996}",0.12555429432335588,0.04054675778617857,0.23036241183573625,-0.01952861952861973,-0.0552938912938908,0.0
C5,shipment_volume,Shipment volume uncertainty,medium,2026,0.8860926413305837,13905279.088079933,18209637585.912,467.83142857142855,3787487.737349563,False,5030.673995755144,0.9898650932475566,0.0,3.787487737349563,0.000752878787324606,0.0,0.0,0.998147731554306,0.0,0.0,14.13383232196793,14.254651537630707,0,0.0,0.0,50,0,"{""candidate"": ""C5"", ""demand_growth"": 0.25, ""level"": ""medium"", ""mean_quantity_multiplier"": 1.1307697516811952}",0.20363008064605273,0.0,0.26929233387514634,0.01013490675244344,0.000752878787324606,0.0
C5,shipment_volume,Shipment volume uncertainty,medium,7,0.9111923904386131,13568124.735260649,17300112783.48725,465.19714285714286,0.0,True,5045.73835456031,1.0,0.0,0.0,0.0,0.0,0.0,0.994400646452336,0.0,0.0,14.09823445091024,14.214940952137113,4,1.0,1.0,36,8,"{""candidate"": ""C5"", ""demand_growth"": 0.25, ""level"": ""medium"", ""mean_quantity_multiplier"": 1.133612804593533}",0.15981298407387484,-0.00563084383263806,0.1681231376609086,-0.027384960718294105,-0.002034311367645297,0.0
C5,shipment_volume,Shipment volume uncertainty,medium,99,0.8478954836052813,13408463.967700895,17554284414.106277,473.15,0.0,True,5079.019239532774,1.0000000000000002,0.0,0.0,0.0,0.0,0.0,0.9976633512811014,0.0,0.0,12.96975074801594,13.087261432781816,2,1.0,1.0,35,10,"{""candidate"": ""C5"", ""demand_growth"": 0.25, ""level"": ""medium"", ""mean_quantity_multiplier"": 1.1425775575033235}",0.17780063511394106,0.01136856376839033,0.27493615291570805,-0.01952861952861973,-0.0552938912938908,0.0
C5,shipment_volume,Shipment volume uncertainty,high,2026,0.8438908558859871,13769240.466159299,16762557422.51333,465.19714285714286,3358458.3805948975,False,5298.864042107817,0.9914679794947413,0.0,3.3584583805948975,0.0006338072375336786,0.0,0.0,0.989890056118062,0.0,0.0,13.133485537022352,13.250140228774399,0,0.0,0.0,50,0,"{""candidate"": ""C5"", ""demand_growth"": 0.4, ""level"": ""high"", ""mean_quantity_multiplier"": 1.1879793740262763}",0.19185468394699084,-0.00563084383263806,0.1684244418460512,0.008532020505258697,0.0006338072375336786,0.0
C5,shipment_volume,Shipment volume uncertainty,high,7,0.9246284494565133,14962571.961012434,19171876800.582268,454.61904761904765,2435153089.407825,False,5485.345586356495,0.9565855980525232,0.0,2435.153089407825,0.4439379526906554,0.0,0.0,0.9986662415900291,0.0,0.0,12.836823565419763,12.955571548081934,0,0.0,0.0,50,0,"{""candidate"": ""C5"", ""demand_growth"": 0.4, ""level"": ""high"", ""mean_quantity_multiplier"": 1.2314139979642023}",0.2790113279562615,-0.028241755780979195,0.29450675630972795,0.016029441229182706,0.4419036413230101,0.0
C5,shipment_volume,Shipment volume uncertainty,high,99,0.8193050336602027,13832051.169545049,16630678286.233482,467.83142857142855,1377295332.2401335,False,5362.744053835649,0.978334704587316,0.0,1377.2953322401336,0.2568266019063574,0.0,0.0,0.9930165146485957,0.0,0.0,13.300951344892383,13.414368740748614,0,0.0,0.0,50,0,"{""candidate"": ""C5"", ""demand_growth"": 0.4, ""level"": ""high"", ""mean_quantity_multiplier"": 1.203139494645983}",0.21500857157556444,0.0,0.2078562984652887,0.0021366758840645206,0.20153271061246664,0.0
C6,corridor_link_node_disruption,Corridor/link/node disruption uncertainty,low,2026,0.8707515602281347,11835688.559756987,15447916324.360254,478.24476190476184,6590498571.428572,False,4455.0,0.9350168350168349,0.0,1340.4985714285717,0.30089754689754694,0.0,0.07428571428573605,1.1502845104093826,105.0,0.0,12.161365248262882,12.275612799916416,0,0.0,0.0,50,0,"{""candidate"": ""C6"", ""capacity_factor"": 0.5, ""delay_spread"": 0.25, ""disrupted_nodes"": [""Erenhot""], ""level"": ""low""}",0.024487943423863432,0.022258729741889048,0.07678813882737522,0.06498316498316514,0.30089754689754694,0.07428571428573605
C6,corridor_link_node_disruption,Corridor/link/node disruption uncertainty,low,7,0.7754493663167409,11545477.158164823,13840923936.152994,467.83142857142855,246334285.7142835,False,4455.0,0.9804713804713803,0.0,246.3342857142835,0.0552938912938908,0.0,0.0,0.9509074074074074,0.0,0.0,13.466823010705411,13.585556652862579,0,0.0,0.0,50,0,"{""candidate"": ""C6"", ""capacity_factor"": 0.5, ""delay_spread"": 0.25, ""disrupted_nodes"": [""Malaszewicze""], ""level"": ""low""}",-0.013084374101557373,0.0,-0.06544519687426097,-0.007856341189674376,0.0532595799262455,0.0
C6,corridor_link_node_disruption,Corridor/link/node disruption uncertainty,low,99,0.8735557979000255,11730169.150400415,14767941836.054333,467.83142857142855,1126157142.8571424,False,4455.0,0.978675645342312,0.0,1126.1571428571424,0.25278499278499267,0.0,0.0,0.9850108062722744,0.0,0.0,11.829226994886994,11.945546573027968,0,0.0,0.0,50,0,"{""candidate"": ""C6"", ""capacity_factor"": 0.5, ""delay_spread"": 0.25, ""disrupted_nodes"": [""Khorgos""], ""level"": ""low""}",0.03037907314483517,0.0,0.0725690952011745,0.0017957351290684986,0.19749110149110188,0.0
C6,corridor_link_node_disruption,Corridor/link/node disruption uncertainty,medium,2026,0.8364627079133514,12198619.851460336,11022649199.646618,465.19714285714286,23063703809.523804,False,4455.0,0.8444444444444444,0.0,23063.703809523802,5.177037892149001,11.854285714285709,42.43714285714282,0.99,0.0,0.0,8.151551029179245,8.267704956233501,0,0.0,0.0,50,0,"{""candidate"": ""C6"", ""capacity_factor"": 0.25, ""delay_spread"": 0.5, ""disrupted_nodes"": [""Brest"", ""Manzhouli""], ""level"": ""medium""}",0.05590299213556801,-0.00563084383263806,-0.23167256557974183,0.15555555555555556,5.177037892149001,42.43714285714282
C6,corridor_link_node_disruption,Corridor/link/node disruption uncertainty,medium,7,0.7664894392702611,11753809.131358555,11981460717.350924,473.15,13783457142.85714,False,4455.0,0.8799102132435466,0.0,13783.45714285714,3.0939297739297733,0.07428571428573605,11.854285714285709,0.9996216161973137,0.0,0.0,8.213632293976843,8.329648984130472,0,0.0,0.0,50,0,"{""candidate"": ""C6"", ""capacity_factor"": 0.25, ""delay_spread"": 0.5, ""disrupted_nodes"": [""Khorgos"", ""Manzhouli""], ""level"": ""medium""}",0.004723991624907783,0.01136856376839033,-0.19099825174135718,0.09270482603815933,3.091895462562128,11.854285714285709
C6,corridor_link_node_disruption,Corridor/link/node disruption uncertainty,medium,99,0.8688456636352784,11565809.747818457,14265280452.512592,477.68309523809523,0.0,True,4455.0,1.0000000000000002,0.0,0.0,0.0,0.0,0.0,0.9638491903899052,0.0,0.0,12.980836105067283,13.099662405904382,2,0.7,0.7,46,10,"{""candidate"": ""C6"", ""capacity_factor"": 0.25, ""delay_spread"": 0.5, ""disrupted_nodes"": [""Alashankou"", ""Brest""], ""level"": ""medium""}",0.015941729000547543,0.02105815485024118,0.03606170159662458,-0.01952861952861973,-0.0552938912938908,0.0
C6,corridor_link_node_disruption,Corridor/link/node disruption uncertainty,high,2026,0.8598684484917768,12160711.893506046,15169660575.005714,476.0904761904762,4057148571.4285736,False,4455.0,0.9288439955106622,0.0,4057.1485714285736,0.9106955266955272,0.0,0.07428571428573605,0.98,0.0,0.0,13.309430376626551,13.42771392967552,0,0.0,0.0,50,0,"{""candidate"": ""C6"", ""capacity_factor"": 0.05, ""delay_spread"": 0.85, ""disrupted_nodes"": [""Alashankou"", ""Brest"", ""Malaszewicze""], ""level"": ""high""}",0.05262170894803661,0.017653896499146046,0.057392481563682735,0.07115600448933779,0.9106955266955272,0.07428571428573605
C6,corridor_link_node_disruption,Corridor/link/node disruption uncertainty,high,7,0.8309928526642202,11722442.283335095,14040902897.89503,467.83142857142855,5399256962.129407,False,4455.0,0.8475413318978301,0.0,5399.256962129407,1.2119544247204055,3.251666666666665,8.855476190476168,0.977886614437415,0.0,0.0,11.15783636039123,11.27728659287095,0,0.0,0.0,50,0,"{""candidate"": ""C6"", ""capacity_factor"": 0.05, ""delay_spread"": 0.85, ""disrupted_nodes"": [""Alashankou"", ""Khorgos"", ""Malaszewicze""], ""level"": ""high""}",0.002042731073658789,0.0,-0.05194239170877991,0.1250737073838758,1.2099201133527602,8.855476190476168
C6,corridor_link_node_disruption,Corridor/link/node disruption uncertainty,high,99,0.7566496609303873,12580522.98593309,11440066468.301712,471.47714285714284,105033429312.75145,False,4455.0,0.7636331444271385,0.0,27177.87375719589,6.100532829898068,39.12583333333333,41.40214285714285,22.844444444444445,1014.1111111111111,543.0,8.443505609408021,8.560716807842255,0,0.0,0.0,50,0,"{""candidate"": ""C6"", ""capacity_factor"": 0.05, ""delay_spread"": 0.85, ""disrupted_nodes"": [""Erenhot"", ""Khorgos"", ""Malaszewicze""], ""level"": ""high""}",0.10507422763639711,0.007792794718488357,-0.1691285165417468,0.21683823604424202,6.045238938604177,41.40214285714285
