seed,S,variable,mode,empirical_mean,empirical_std,empirical_cv,configured_cv,n
42,50,travel_multiplier,road,0.9998226381018163,0.15017108014835037,0.15019771950098393,0.15,40500
42,50,travel_multiplier,rail,1.0013183826212042,0.10041951944660053,0.10028730240997577,0.1,6400
42,50,travel_multiplier,water,0.9935354932326159,0.1980221832687551,0.19931062817339357,0.2,2000
42,50,border_delay_multiplier_normalized,road,1.0001929462437482,0.44410349628910845,0.4440178247176719,0.45,12400
42,50,border_delay_multiplier_normalized,rail,0.9806025685964723,0.5562540177253362,0.5672573533245967,0.6,500
42,100,travel_multiplier,road,0.9998383998040431,0.15021829408554127,0.15024257331483,0.15,81000
42,100,travel_multiplier,rail,1.0005036037116517,0.09997178937037443,0.09992146854794,0.1,12800
42,100,travel_multiplier,water,0.9974937910123154,0.19997834797916259,0.20048079474882025,0.2,4000
42,100,border_delay_multiplier_normalized,road,1.0013184504401758,0.4479095019724527,0.44731973307348266,0.45,24800
42,100,border_delay_multiplier_normalized,rail,0.9846970066829375,0.5626425317583639,0.5713864548585239,0.6,1000
42,200,travel_multiplier,road,1.0000229744498412,0.15070139388644513,0.15069793168437248,0.15,162000
42,200,travel_multiplier,rail,1.0002050120361847,0.09989198631747648,0.09987151145555613,0.1,25600
42,200,travel_multiplier,water,0.9970483036354757,0.20004311195910982,0.20063532652300292,0.2,8000
42,200,border_delay_multiplier_normalized,road,1.0006984279146964,0.44583622811741186,0.4455250609781279,0.45,49600
42,200,border_delay_multiplier_normalized,rail,0.9844585550377825,0.5588285895245194,0.5676507016621661,0.6,2000
43,50,travel_multiplier,road,0.9987048580987941,0.14891451870415295,0.1491076342490586,0.15,40500
43,50,travel_multiplier,rail,0.999172208104026,0.10031576394230277,0.10039887331599867,0.1,6400
43,50,travel_multiplier,water,0.997179672875807,0.19735307133302749,0.1979112457877054,0.2,2000
43,50,border_delay_multiplier_normalized,road,1.0004255082053906,0.4462148749838469,0.4460250876492421,0.45,12400
43,50,border_delay_multiplier_normalized,rail,0.9629744193519008,0.5248386703784438,0.545018288992214,0.6,500
43,100,travel_multiplier,road,0.9993182784987346,0.1489262478614101,0.14902784334650662,0.15,81000
43,100,travel_multiplier,rail,0.9999538043952515,0.1004639869038513,0.10046862811288523,0.1,12800
43,100,travel_multiplier,water,1.000701321315537,0.2001829029211635,0.20004260877561356,0.2,4000
43,100,border_delay_multiplier_normalized,road,0.999472260164278,0.44814149036288137,0.4483781173568766,0.45,24800
43,100,border_delay_multiplier_normalized,rail,0.989697153290361,0.5557438700333545,0.5615292195048966,0.6,1000
43,200,travel_multiplier,road,0.9993226160313636,0.14921445465545674,0.1493155986482484,0.15,162000
43,200,travel_multiplier,rail,0.999605836362642,0.10049274687856632,0.10053237308441351,0.1,25600
43,200,travel_multiplier,water,1.0005800936875717,0.20097409084135873,0.20085757463021478,0.2,8000
43,200,border_delay_multiplier_normalized,road,0.9998696838807316,0.44886589619419326,0.44892439827962194,0.45,49600
43,200,border_delay_multiplier_normalized,rail,0.9831464412237538,0.5611952868121831,0.5708155604099481,0.6,2000
44,50,travel_multiplier,road,1.0007652279058212,0.1503509929311338,0.15023602812994902,0.15,40500
44,50,travel_multiplier,rail,0.998875501891855,0.10024464413377332,0.10035749594810513,0.1,6400
44,50,travel_multiplier,water,1.0072558964687564,0.2023857269250857,0.20092781549813782,0.2,2000
44,50,border_delay_multiplier_normalized,road,1.0013886329660775,0.446371222032375,0.4457522357830639,0.45,12400
44,50,border_delay_multiplier_normalized,rail,0.9807823814354171,0.5444127117939832,0.555080028045785,0.6,500
44,100,travel_multiplier,road,1.0013389166903366,0.15054947962798046,0.1503481759458449,0.15,81000
44,100,travel_multiplier,rail,0.9992076136368502,0.0999764590188455,0.10005574182422185,0.1,12800
44,100,travel_multiplier,water,1.0007347587404585,0.19894201499534808,0.19879594793503508,0.2,4000
44,100,border_delay_multiplier_normalized,road,1.0006961651398083,0.4478353937872242,0.44752384328829387,0.45,24800
44,100,border_delay_multiplier_normalized,rail,0.9934802759549259,0.5726679051275173,0.5764260438659169,0.6,1000
44,200,travel_multiplier,road,1.0002560077796079,0.1503370251808646,0.15029854758341946,0.15,162000
44,200,travel_multiplier,rail,0.9995091079117979,0.09993791911978574,0.09998700194796503,0.1,25600
44,200,travel_multiplier,water,1.0021978346052647,0.19990247116363732,0.19946408210148733,0.2,8000
44,200,border_delay_multiplier_normalized,road,1.0016695846191372,0.4467329648182947,0.4459883495296057,0.45,49600
44,200,border_delay_multiplier_normalized,rail,1.0096572374675323,0.5831567481522789,0.5775789312568876,0.6,2000
45,50,travel_multiplier,road,1.0002669645723323,0.14975218986919497,0.1497122220098732,0.15,40500
45,50,travel_multiplier,rail,1.0008840941161343,0.1008201886802499,0.1007311328783606,0.1,6400
45,50,travel_multiplier,water,1.0027067566262005,0.19846284700855243,0.19792710650152476,0.2,2000
45,50,border_delay_multiplier_normalized,road,1.0020799430242833,0.45482093851796573,0.45387690042504336,0.45,12400
45,50,border_delay_multiplier_normalized,rail,0.9925655661125367,0.596797547745126,0.6012676322054288,0.6,500
45,100,travel_multiplier,road,0.9998271982222668,0.1494991451444713,0.1495249833274058,0.15,81000
45,100,travel_multiplier,rail,0.999794696139272,0.10037160602182496,0.10039221693154805,0.1,12800
45,100,travel_multiplier,water,1.0020874913043947,0.19799264044482148,0.19758019350895092,0.2,4000
45,100,border_delay_multiplier_normalized,road,1.003310774318302,0.45070594029454136,0.44921867863003145,0.45,24800
45,100,border_delay_multiplier_normalized,rail,0.9774188905758675,0.5607487327063485,0.5737035963935291,0.6,1000
45,200,travel_multiplier,road,0.999740656356898,0.14999802980886578,0.15003694093572795,0.15,162000
45,200,travel_multiplier,rail,1.000280627689678,0.0999268536366248,0.09989881926177381,0.1,25600
45,200,travel_multiplier,water,1.0042029525653493,0.20089891699337928,0.2000580823628933,0.2,8000
45,200,border_delay_multiplier_normalized,road,1.0020347609003855,0.44841616040545135,0.4475055935210509,0.45,49600
45,200,border_delay_multiplier_normalized,rail,0.9818157721576832,0.5740405858709133,0.5846724020427737,0.6,2000
46,50,travel_multiplier,road,0.9996997211199683,0.15067629735695937,0.1507215558569487,0.15,40500
46,50,travel_multiplier,rail,1.0008450494837626,0.09966156990453331,0.09957742205543096,0.1,6400
46,50,travel_multiplier,water,0.9983941446967306,0.20270349962891573,0.20302953568551665,0.2,2000
46,50,border_delay_multiplier_normalized,road,0.9982500382744559,0.44892225403341823,0.4497092279699897,0.45,12400
46,50,border_delay_multiplier_normalized,rail,0.98984267737924,0.5851571232436924,0.5911617437964843,0.6,500
46,100,travel_multiplier,road,0.9996803220528783,0.15007090893633523,0.1501188986376759,0.15,81000
46,100,travel_multiplier,rail,1.0003213584769037,0.09955484683931426,0.09952286432321825,0.1,12800
46,100,travel_multiplier,water,0.9966606408294008,0.19998363571405134,0.2006536904553881,0.2,4000
46,100,border_delay_multiplier_normalized,road,1.0006128895158775,0.4479040615575425,0.4476297139988374,0.45,24800
46,100,border_delay_multiplier_normalized,rail,0.9927967371629306,0.5843174419384973,0.5885569725060482,0.6,1000
46,200,travel_multiplier,road,0.9995932278228046,0.14987464785479956,0.14993563750050481,0.15,162000
46,200,travel_multiplier,rail,0.9996908512265443,0.09975010771141225,0.09978095487122493,0.1,25600
46,200,travel_multiplier,water,1.0003848153433128,0.20157842970627618,0.20150088907246994,0.2,8000
46,200,border_delay_multiplier_normalized,road,1.0027519788827264,0.4487703925000551,0.4475387752413896,0.45,49600
46,200,border_delay_multiplier_normalized,rail,0.9983691586995812,0.5844012906344276,0.5853559132331726,0.6,2000
