master_seed,S,min_on_time_prob,binding_batch,binding_batch_set,chance_vio_total,chance_constraint_pass,max_late_excess_h,maxlate_screen_pass,miss_alloc,miss_tt,cap_excess,border_cap_excess,nonccp_hard_pass,feasible_hard,obj_cost,obj_emission_gCO2,obj_time_h,penalty,candidate_id,candidate_fingerprint,stratum,binding_batches
810001,200,0.9,12,12,0.0,True,0.0,True,0.0,0.0,0.0,0.0,True,True,7004212.779235193,7155341549.26,432.1318163841375,0.0,S1-01,980776db2467d81a3564740bdb4ad022c116dfc9796be8748e49de3684b57385,KNIFE,12
810001,200,0.92,17,17,0.0,True,0.0,True,0.0,0.0,0.0,0.0,True,True,6507228.129361864,7088706227.360001,411.6439979958435,0.0,S1-02,e076076a493c9a9fecd89aa712afd11fa9cc3cdce2ce014987b0f0fe862c247d,KNIFE,17
810001,200,0.92,17,17,0.0,True,0.0,True,0.0,0.0,0.0,0.0,True,True,6758149.018921231,7887089349.070001,392.61135128188766,0.0,S1-03,e8942358d76782a9b97983734bb2cf2d4925edde76bf34b013857987a6d07591,KNIFE,17
810001,200,0.92,17,17,0.0,True,0.0,True,0.0,0.0,0.0,0.0,True,True,6884686.129986513,8345740271.040001,387.1323562400621,0.0,S1-04,2fbdff2cf85833d2f25518e9e46cdb4092302467d94deae2a413a8ff7b39e0ea,OFF,17
810001,200,0.945,2,2,0.0,True,0.0,True,0.0,0.0,0.0,0.0,True,True,6844601.048990696,8013513563.38,385.29545937383364,0.0,S1-05,0b60f5ac3979e3d6c31937743b10148e837da4158c31b88b904216b3dc1384a2,KNIFE,2
810001,200,0.945,2,2,0.0,True,0.0,True,0.0,0.0,0.0,0.0,True,True,6744687.846851192,8096246576.780001,385.29545937383364,0.0,S1-06,48d52933dafc91da0fbdf6d1998d6a15c7958c4a5263e9422d67d354ce765a01,KNIFE,2
810001,200,0.955,8,8,0.0,True,0.0,True,0.0,0.0,0.0,0.0,True,True,6970858.291361198,8219219881.48,412.1868959084844,0.0,S1-07,a18d3cb935f4bfecee271aef01fa76ccbbcd3dcdde281613c9c85fed27cfeb15,OFF,8
810001,200,0.97,17,17,0.0,True,0.0,True,0.0,0.0,0.0,0.0,True,True,7115881.415940987,9044968863.32,387.0112696921647,0.0,S1-08,df02d8bdb02eaad5d040102be1b952d67f28556d77a5f2f9034b7520bbb80a63,OFF,17
810001,200,0.97,17,17,0.0,True,0.0,True,0.0,0.0,0.0,0.0,True,True,7104043.863332972,8344498311.79,397.0072398211252,0.0,S1-09,25d825efc4ab35fe1e8f79b49c4f34e7d9da53690921dd3fdb7aef692428c45e,OFF,17
810001,200,0.985,20,20,0.0,True,0.0,True,0.0,0.0,0.0,0.0,True,True,6745083.577570911,8134627364.78,376.6727605124369,0.0,S1-10,8f40fed8dfa17df7cd43c7c75460a77fd79256fd5af7897a41c10ccd0ec08352,OFF,20
810001,500,0.926,12,12,0.0,True,0.0,True,0.0,0.0,0.0,0.0,True,True,6962247.097374028,7155341549.26,431.77148547699494,0.0,S1-01,980776db2467d81a3564740bdb4ad022c116dfc9796be8748e49de3684b57385,KNIFE,12
810001,500,0.93,17,17,0.0,True,0.0,True,0.0,0.0,0.0,0.0,True,True,6538308.888347878,7088706227.360001,415.6534523204179,0.0,S1-02,e076076a493c9a9fecd89aa712afd11fa9cc3cdce2ce014987b0f0fe862c247d,KNIFE,17
810001,500,0.932,17,17,0.0,True,0.0,True,0.0,0.0,0.0,0.0,True,True,6769053.154539139,7887089349.070001,391.58770794105993,0.0,S1-03,e8942358d76782a9b97983734bb2cf2d4925edde76bf34b013857987a6d07591,KNIFE,17
810001,500,0.932,17,17,0.0,True,0.0,True,0.0,0.0,0.0,0.0,True,True,6885810.044188898,8345740271.040001,387.1323562400621,0.0,S1-04,2fbdff2cf85833d2f25518e9e46cdb4092302467d94deae2a413a8ff7b39e0ea,OFF,17
810001,500,0.934,2,2,0.0,True,0.0,True,0.0,0.0,0.0,0.0,True,True,6844381.680912735,8013513563.38,387.48566714707596,0.0,S1-05,0b60f5ac3979e3d6c31937743b10148e837da4158c31b88b904216b3dc1384a2,KNIFE,2
810001,500,0.934,2,2,0.0,True,0.0,True,0.0,0.0,0.0,0.0,True,True,6743994.94082831,8096246576.780001,387.48566714707596,0.0,S1-06,48d52933dafc91da0fbdf6d1998d6a15c7958c4a5263e9422d67d354ce765a01,KNIFE,2
810001,500,0.932,8,8,0.0,True,0.0,True,0.0,0.0,0.0,0.0,True,True,7052878.184770044,8219219881.48,450.7060190030107,0.0,S1-07,a18d3cb935f4bfecee271aef01fa76ccbbcd3dcdde281613c9c85fed27cfeb15,OFF,8
810001,500,0.966,2,2,0.0,True,0.0,True,0.0,0.0,0.0,0.0,True,True,7115643.444169896,9044968863.32,387.01340928737216,0.0,S1-08,df02d8bdb02eaad5d040102be1b952d67f28556d77a5f2f9034b7520bbb80a63,OFF,2
810001,500,0.97,2,2,0.0,True,0.0,True,0.0,0.0,0.0,0.0,True,True,7103712.018441539,8344498311.79,409.3126825490353,0.0,S1-09,25d825efc4ab35fe1e8f79b49c4f34e7d9da53690921dd3fdb7aef692428c45e,OFF,2
810001,500,0.978,16,16,0.0,True,0.0,True,0.0,0.0,0.0,0.0,True,True,6746405.096895749,8134627364.78,376.75620931638014,0.0,S1-10,8f40fed8dfa17df7cd43c7c75460a77fd79256fd5af7897a41c10ccd0ec08352,OFF,16
810001,1000,0.914,17,17,0.0,True,2.981933830274329,False,0.0,0.0,0.0,0.0,True,False,6969463.280013555,7155341549.26,431.7708863405061,2981933830.274329,S1-01,980776db2467d81a3564740bdb4ad022c116dfc9796be8748e49de3684b57385,KNIFE,17
810001,1000,0.914,17,17,0.0,True,0.0,True,0.0,0.0,0.0,0.0,True,True,6661715.075655056,7088706227.360001,425.28276138338975,0.0,S1-02,e076076a493c9a9fecd89aa712afd11fa9cc3cdce2ce014987b0f0fe862c247d,KNIFE,17
810001,1000,0.918,17,17,0.0,True,0.0,True,0.0,0.0,0.0,0.0,True,True,6850636.789716526,7887089349.070001,393.7044486918703,0.0,S1-03,e8942358d76782a9b97983734bb2cf2d4925edde76bf34b013857987a6d07591,KNIFE,17
810001,1000,0.918,17,17,0.0,True,0.0,True,0.0,0.0,0.0,0.0,True,True,6888093.043133039,8345740271.040001,389.2997113248052,0.0,S1-04,2fbdff2cf85833d2f25518e9e46cdb4092302467d94deae2a413a8ff7b39e0ea,OFF,17
810001,1000,0.923,2,2,0.0,True,0.0,True,0.0,0.0,0.0,0.0,True,True,6846092.322060843,8013513563.38,390.4394858591897,0.0,S1-05,0b60f5ac3979e3d6c31937743b10148e837da4158c31b88b904216b3dc1384a2,KNIFE,2
810001,1000,0.923,2,2,0.0,True,0.0,True,0.0,0.0,0.0,0.0,True,True,6745473.465963893,8096246576.780001,390.4394858591897,0.0,S1-06,48d52933dafc91da0fbdf6d1998d6a15c7958c4a5263e9422d67d354ce765a01,KNIFE,2
810001,1000,0.938,8,8,0.0,True,0.0,True,0.0,0.0,0.0,0.0,True,True,7057114.830648622,8219219881.48,448.5171342177342,0.0,S1-07,a18d3cb935f4bfecee271aef01fa76ccbbcd3dcdde281613c9c85fed27cfeb15,OFF,8
810001,1000,0.97,2,"2,17",0.0,True,0.0,True,0.0,0.0,0.0,0.0,True,True,7115956.1430092035,9044968863.32,387.10046160194736,0.0,S1-08,df02d8bdb02eaad5d040102be1b952d67f28556d77a5f2f9034b7520bbb80a63,OFF,2|17
810001,1000,0.97,17,17,0.0,True,0.0,True,0.0,0.0,0.0,0.0,True,True,7104596.109246734,8344498311.79,409.7163716804388,0.0,S1-09,25d825efc4ab35fe1e8f79b49c4f34e7d9da53690921dd3fdb7aef692428c45e,OFF,17
810001,1000,0.981,16,16,0.0,True,0.0,True,0.0,0.0,0.0,0.0,True,True,6746331.398716632,8134627364.78,380.7342414392226,0.0,S1-10,8f40fed8dfa17df7cd43c7c75460a77fd79256fd5af7897a41c10ccd0ec08352,OFF,16
810002,200,0.885,17,17,0.015000000000000013,False,0.0,True,0.0,0.0,0.0,0.0,True,False,7262920.875358038,7155341549.26,459.6082919298325,15000000.000000013,S1-01,980776db2467d81a3564740bdb4ad022c116dfc9796be8748e49de3684b57385,KNIFE,17
810002,200,0.885,17,17,0.015000000000000013,False,0.0,True,0.0,0.0,0.0,0.0,True,False,6685134.773294858,7088706227.360001,446.4073697068951,15000000.000000013,S1-02,e076076a493c9a9fecd89aa712afd11fa9cc3cdce2ce014987b0f0fe862c247d,KNIFE,17
810002,200,0.89,17,17,0.010000000000000009,False,0.0,True,0.0,0.0,0.0,0.0,True,False,6906031.695101697,7887089349.070001,392.3592357112167,10000000.00000001,S1-03,e8942358d76782a9b97983734bb2cf2d4925edde76bf34b013857987a6d07591,KNIFE,17
810002,200,0.89,17,17,0.010000000000000009,False,0.0,True,0.0,0.0,0.0,0.0,True,False,6898322.251127367,8345740271.040001,391.87438692810963,10000000.00000001,S1-04,2fbdff2cf85833d2f25518e9e46cdb4092302467d94deae2a413a8ff7b39e0ea,OFF,17
810002,200,0.915,2,2,0.0,True,0.0,True,0.0,0.0,0.0,0.0,True,True,6969964.409822774,8013513563.38,391.49746102646463,0.0,S1-05,0b60f5ac3979e3d6c31937743b10148e837da4158c31b88b904216b3dc1384a2,KNIFE,2
810002,200,0.915,2,2,0.0,True,0.0,True,0.0,0.0,0.0,0.0,True,True,6871121.651595487,8096246576.780001,391.49746102646463,0.0,S1-06,48d52933dafc91da0fbdf6d1998d6a15c7958c4a5263e9422d67d354ce765a01,KNIFE,2
810002,200,0.935,8,8,0.0,True,0.0,True,0.0,0.0,0.0,0.0,True,True,7146933.631719497,8219219881.48,464.7812774939184,0.0,S1-07,a18d3cb935f4bfecee271aef01fa76ccbbcd3dcdde281613c9c85fed27cfeb15,OFF,8
810002,200,0.955,2,"2,5,17",0.0,True,0.0,True,0.0,0.0,0.0,0.0,True,True,7116376.126229527,9044968863.32,387.66903715592974,0.0,S1-08,df02d8bdb02eaad5d040102be1b952d67f28556d77a5f2f9034b7520bbb80a63,OFF,2|5|17
810002,200,0.955,5,"5,17",0.0,True,0.0,True,0.0,0.0,0.0,0.0,True,True,7104641.476852014,8344498311.79,410.0193831594919,0.0,S1-09,25d825efc4ab35fe1e8f79b49c4f34e7d9da53690921dd3fdb7aef692428c45e,OFF,5|17
810002,200,0.975,16,16,0.0,True,0.0,True,0.0,0.0,0.0,0.0,True,True,6745094.970051087,8134627364.78,385.12870643988134,0.0,S1-10,8f40fed8dfa17df7cd43c7c75460a77fd79256fd5af7897a41c10ccd0ec08352,OFF,16
810002,500,0.892,2,"2,17",0.016000000000000014,False,0.0,True,0.0,0.0,0.0,0.0,True,False,7255119.932103224,7155341549.26,433.1356767166736,16000000.000000015,S1-01,980776db2467d81a3564740bdb4ad022c116dfc9796be8748e49de3684b57385,KNIFE,2|17
810002,500,0.892,2,"2,17",0.016000000000000014,False,0.0,True,0.0,0.0,0.0,0.0,True,False,6720646.252604926,7088706227.360001,456.4467191983741,16000000.000000015,S1-02,e076076a493c9a9fecd89aa712afd11fa9cc3cdce2ce014987b0f0fe862c247d,KNIFE,2|17
810002,500,0.892,2,2,0.01200000000000001,False,0.0,True,0.0,0.0,0.0,0.0,True,False,6928045.483098196,7887089349.070001,397.29026523433896,12000000.000000011,S1-03,e8942358d76782a9b97983734bb2cf2d4925edde76bf34b013857987a6d07591,KNIFE,2
810002,500,0.896,17,17,0.0040000000000000036,False,0.0,True,0.0,0.0,0.0,0.0,True,False,6912695.568163141,8345740271.040001,395.475309904531,4000000.0000000037,S1-04,2fbdff2cf85833d2f25518e9e46cdb4092302467d94deae2a413a8ff7b39e0ea,OFF,17
810002,500,0.892,2,2,0.008000000000000007,False,0.0,True,0.0,0.0,0.0,0.0,True,False,6996037.43383904,8013513563.38,395.6095009780618,8000000.000000007,S1-05,0b60f5ac3979e3d6c31937743b10148e837da4158c31b88b904216b3dc1384a2,KNIFE,2
810002,500,0.892,2,2,0.008000000000000007,False,0.0,True,0.0,0.0,0.0,0.0,True,False,6896345.01259437,8096246576.780001,395.6095009780618,8000000.000000007,S1-06,48d52933dafc91da0fbdf6d1998d6a15c7958c4a5263e9422d67d354ce765a01,KNIFE,2
810002,500,0.926,8,8,0.0,True,0.0,True,0.0,0.0,0.0,0.0,True,True,7293493.532482137,8219219881.48,467.16727528722294,0.0,S1-07,a18d3cb935f4bfecee271aef01fa76ccbbcd3dcdde281613c9c85fed27cfeb15,OFF,8
810002,500,0.938,2,2,0.0,True,0.0,True,0.0,0.0,0.0,0.0,True,True,7236911.838963472,9044968863.32,402.8754576473269,0.0,S1-08,df02d8bdb02eaad5d040102be1b952d67f28556d77a5f2f9034b7520bbb80a63,OFF,2
810002,500,0.948,2,2,0.0,True,0.0,True,0.0,0.0,0.0,0.0,True,True,7144111.177229691,8344498311.79,411.0229670346181,0.0,S1-09,25d825efc4ab35fe1e8f79b49c4f34e7d9da53690921dd3fdb7aef692428c45e,OFF,2
810002,500,0.968,16,16,0.0,True,0.0,True,0.0,0.0,0.0,0.0,True,True,6747645.369381391,8134627364.78,391.3341554303845,0.0,S1-10,8f40fed8dfa17df7cd43c7c75460a77fd79256fd5af7897a41c10ccd0ec08352,OFF,16
810002,1000,0.895,17,17,0.007000000000000006,False,0.0,True,0.0,0.0,0.0,0.0,True,False,7007365.446431266,7155341549.26,431.9994091698565,7000000.0000000065,S1-01,980776db2467d81a3564740bdb4ad022c116dfc9796be8748e49de3684b57385,KNIFE,17
810002,1000,0.895,17,17,0.007000000000000006,False,0.0,True,0.0,0.0,0.0,0.0,True,False,6710708.706686514,7088706227.360001,441.6579072234054,7000000.0000000065,S1-02,e076076a493c9a9fecd89aa712afd11fa9cc3cdce2ce014987b0f0fe862c247d,KNIFE,17
810002,1000,0.9,2,"2,17",0.0,True,0.0,True,0.0,0.0,0.0,0.0,True,True,6901664.479818757,7887089349.070001,395.424334907229,0.0,S1-03,e8942358d76782a9b97983734bb2cf2d4925edde76bf34b013857987a6d07591,KNIFE,2|17
810002,1000,0.9,17,17,0.0,True,0.0,True,0.0,0.0,0.0,0.0,True,True,6907734.373422,8345740271.040001,391.35792089241045,0.0,S1-04,2fbdff2cf85833d2f25518e9e46cdb4092302467d94deae2a413a8ff7b39e0ea,OFF,17
810002,1000,0.9,2,2,0.0,True,0.0,True,0.0,0.0,0.0,0.0,True,True,6967507.186240443,8013513563.38,392.28351282956055,0.0,S1-05,0b60f5ac3979e3d6c31937743b10148e837da4158c31b88b904216b3dc1384a2,KNIFE,2
810002,1000,0.9,2,2,0.0,True,0.0,True,0.0,0.0,0.0,0.0,True,True,6868673.472822732,8096246576.780001,392.28351282956055,0.0,S1-06,48d52933dafc91da0fbdf6d1998d6a15c7958c4a5263e9422d67d354ce765a01,KNIFE,2
810002,1000,0.927,8,8,0.0,True,0.0,True,0.0,0.0,0.0,0.0,True,True,7109077.888091633,8219219881.48,465.8691279716523,0.0,S1-07,a18d3cb935f4bfecee271aef01fa76ccbbcd3dcdde281613c9c85fed27cfeb15,OFF,8
810002,1000,0.95,2,2,0.0,True,0.0,True,0.0,0.0,0.0,0.0,True,True,7123027.199267826,9044968863.32,390.29117584203584,0.0,S1-08,df02d8bdb02eaad5d040102be1b952d67f28556d77a5f2f9034b7520bbb80a63,OFF,2
810002,1000,0.958,2,2,0.0,True,0.0,True,0.0,0.0,0.0,0.0,True,True,7110098.074726769,8344498311.79,410.46705741659423,0.0,S1-09,25d825efc4ab35fe1e8f79b49c4f34e7d9da53690921dd3fdb7aef692428c45e,OFF,2
810002,1000,0.978,16,16,0.0,True,0.0,True,0.0,0.0,0.0,0.0,True,True,6747022.302165604,8134627364.78,386.8520769952239,0.0,S1-10,8f40fed8dfa17df7cd43c7c75460a77fd79256fd5af7897a41c10ccd0ec08352,OFF,16
810003,200,0.86,17,17,0.040000000000000036,False,0.0,True,0.0,0.0,0.0,0.0,True,False,7258845.854948653,7155341549.26,459.79583211949836,40000000.00000004,S1-01,980776db2467d81a3564740bdb4ad022c116dfc9796be8748e49de3684b57385,KNIFE,17
810003,200,0.86,17,17,0.040000000000000036,False,0.0,True,0.0,0.0,0.0,0.0,True,False,6730880.372804741,7088706227.360001,458.3123838747854,40000000.00000004,S1-02,e076076a493c9a9fecd89aa712afd11fa9cc3cdce2ce014987b0f0fe862c247d,KNIFE,17
810003,200,0.86,17,17,0.040000000000000036,False,0.0,True,0.0,0.0,0.0,0.0,True,False,6926546.11283718,7887089349.070001,395.35176215085784,40000000.00000004,S1-03,e8942358d76782a9b97983734bb2cf2d4925edde76bf34b013857987a6d07591,KNIFE,17
810003,200,0.86,17,17,0.040000000000000036,False,0.0,True,0.0,0.0,0.0,0.0,True,False,6912545.340042555,8345740271.040001,393.3201738847627,40000000.00000004,S1-04,2fbdff2cf85833d2f25518e9e46cdb4092302467d94deae2a413a8ff7b39e0ea,OFF,17
810003,200,0.905,2,2,0.0,True,0.0,True,0.0,0.0,0.0,0.0,True,True,6940056.898380545,8013513563.38,393.73608985844584,0.0,S1-05,0b60f5ac3979e3d6c31937743b10148e837da4158c31b88b904216b3dc1384a2,KNIFE,2
810003,200,0.905,2,2,0.0,True,0.0,True,0.0,0.0,0.0,0.0,True,True,6839068.086351662,8096246576.780001,393.73608985844584,0.0,S1-06,48d52933dafc91da0fbdf6d1998d6a15c7958c4a5263e9422d67d354ce765a01,KNIFE,2
810003,200,0.905,8,8,0.0,True,0.0,True,0.0,0.0,0.0,0.0,True,True,7080249.913841738,8219219881.48,466.5078970495875,0.0,S1-07,a18d3cb935f4bfecee271aef01fa76ccbbcd3dcdde281613c9c85fed27cfeb15,OFF,8
810003,200,0.955,5,"5,17",0.0,True,0.0,True,0.0,0.0,0.0,0.0,True,True,7119186.702910448,9044968863.32,387.2100269230365,0.0,S1-08,df02d8bdb02eaad5d040102be1b952d67f28556d77a5f2f9034b7520bbb80a63,OFF,5|17
810003,200,0.955,5,"5,17",0.0,True,0.0,True,0.0,0.0,0.0,0.0,True,True,7108278.510616228,8344498311.79,412.49387191351457,0.0,S1-09,25d825efc4ab35fe1e8f79b49c4f34e7d9da53690921dd3fdb7aef692428c45e,OFF,5|17
810003,200,0.97,16,16,0.0,True,0.0,True,0.0,0.0,0.0,0.0,True,True,6745998.509748854,8134627364.78,390.6957273706982,0.0,S1-10,8f40fed8dfa17df7cd43c7c75460a77fd79256fd5af7897a41c10ccd0ec08352,OFF,16
810003,500,0.88,17,17,0.020000000000000018,False,3.1725276498588073,False,0.0,0.0,0.0,0.0,True,False,6958358.277935606,7155341549.26,432.2081461743766,3192527649.858807,S1-01,980776db2467d81a3564740bdb4ad022c116dfc9796be8748e49de3684b57385,KNIFE,17
810003,500,0.88,17,17,0.020000000000000018,False,0.0,True,0.0,0.0,0.0,0.0,True,False,6688092.079462676,7088706227.360001,456.32620987004503,20000000.00000002,S1-02,e076076a493c9a9fecd89aa712afd11fa9cc3cdce2ce014987b0f0fe862c247d,KNIFE,17
810003,500,0.888,17,17,0.01200000000000001,False,0.0,True,0.0,0.0,0.0,0.0,True,False,6869795.5772263,7887089349.070001,395.2832124393932,12000000.000000011,S1-03,e8942358d76782a9b97983734bb2cf2d4925edde76bf34b013857987a6d07591,KNIFE,17
810003,500,0.888,17,17,0.01200000000000001,False,0.0,True,0.0,0.0,0.0,0.0,True,False,6908105.1638142,8345740271.040001,393.4875982965317,12000000.000000011,S1-04,2fbdff2cf85833d2f25518e9e46cdb4092302467d94deae2a413a8ff7b39e0ea,OFF,17
810003,500,0.914,2,2,0.0,True,0.0,True,0.0,0.0,0.0,0.0,True,True,6891092.721080603,8013513563.38,391.922589939586,0.0,S1-05,0b60f5ac3979e3d6c31937743b10148e837da4158c31b88b904216b3dc1384a2,KNIFE,2
810003,500,0.914,2,2,0.0,True,0.0,True,0.0,0.0,0.0,0.0,True,True,6791378.044359382,8096246576.780001,391.922589939586,0.0,S1-06,48d52933dafc91da0fbdf6d1998d6a15c7958c4a5263e9422d67d354ce765a01,KNIFE,2
810003,500,0.904,8,8,0.0,True,0.0,True,0.0,0.0,0.0,0.0,True,True,7166554.114679214,8219219881.48,466.869098715072,0.0,S1-07,a18d3cb935f4bfecee271aef01fa76ccbbcd3dcdde281613c9c85fed27cfeb15,OFF,8
810003,500,0.956,2,2,0.0,True,0.0,True,0.0,0.0,0.0,0.0,True,True,7117440.397475505,9044968863.32,387.9254480625559,0.0,S1-08,df02d8bdb02eaad5d040102be1b952d67f28556d77a5f2f9034b7520bbb80a63,OFF,2
810003,500,0.96,2,2,0.0,True,0.0,True,0.0,0.0,0.0,0.0,True,True,7108213.152801776,8344498311.79,410.6988984710866,0.0,S1-09,25d825efc4ab35fe1e8f79b49c4f34e7d9da53690921dd3fdb7aef692428c45e,OFF,2
810003,500,0.97,16,16,0.0,True,0.0,True,0.0,0.0,0.0,0.0,True,True,6746099.541738574,8134627364.78,385.0824549503615,0.0,S1-10,8f40fed8dfa17df7cd43c7c75460a77fd79256fd5af7897a41c10ccd0ec08352,OFF,16
810003,1000,0.906,17,17,0.0,True,3.1725276498588073,False,0.0,0.0,0.0,0.0,True,False,6958358.277935606,7155341549.26,432.0643785625163,3172527649.858807,S1-01,980776db2467d81a3564740bdb4ad022c116dfc9796be8748e49de3684b57385,KNIFE,17
810003,1000,0.906,17,17,0.0,True,0.0,True,0.0,0.0,0.0,0.0,True,True,6688092.079462676,7088706227.360001,455.9155225882104,0.0,S1-02,e076076a493c9a9fecd89aa712afd11fa9cc3cdce2ce014987b0f0fe862c247d,KNIFE,17
810003,1000,0.907,2,2,0.0,True,0.0,True,0.0,0.0,0.0,0.0,True,True,6869795.5772263,7887089349.070001,394.8301497769469,0.0,S1-03,e8942358d76782a9b97983734bb2cf2d4925edde76bf34b013857987a6d07591,KNIFE,2
810003,1000,0.912,17,17,0.0,True,0.0,True,0.0,0.0,0.0,0.0,True,True,6900389.691120647,8345740271.040001,393.0053430695118,0.0,S1-04,2fbdff2cf85833d2f25518e9e46cdb4092302467d94deae2a413a8ff7b39e0ea,OFF,17
810003,1000,0.907,2,2,0.0,True,0.0,True,0.0,0.0,0.0,0.0,True,True,6906782.806647004,8013513563.38,391.922589939586,0.0,S1-05,0b60f5ac3979e3d6c31937743b10148e837da4158c31b88b904216b3dc1384a2,KNIFE,2
810003,1000,0.907,2,2,0.0,True,0.0,True,0.0,0.0,0.0,0.0,True,True,6809159.281415776,8096246576.780001,391.922589939586,0.0,S1-06,48d52933dafc91da0fbdf6d1998d6a15c7958c4a5263e9422d67d354ce765a01,KNIFE,2
810003,1000,0.912,8,8,0.0,True,0.0,True,0.0,0.0,0.0,0.0,True,True,7141068.926185975,8219219881.48,466.7059807541254,0.0,S1-07,a18d3cb935f4bfecee271aef01fa76ccbbcd3dcdde281613c9c85fed27cfeb15,OFF,8
810003,1000,0.95,2,2,0.0,True,0.0,True,0.0,0.0,0.0,0.0,True,True,7117440.397475505,9044968863.32,389.44367968374627,0.0,S1-08,df02d8bdb02eaad5d040102be1b952d67f28556d77a5f2f9034b7520bbb80a63,OFF,2
810003,1000,0.956,2,2,0.0,True,0.0,True,0.0,0.0,0.0,0.0,True,True,7106677.127897586,8344498311.79,410.43313408859126,0.0,S1-09,25d825efc4ab35fe1e8f79b49c4f34e7d9da53690921dd3fdb7aef692428c45e,OFF,2
810003,1000,0.969,16,16,0.0,True,0.0,True,0.0,0.0,0.0,0.0,True,True,6746099.541738574,8134627364.78,385.5051836885118,0.0,S1-10,8f40fed8dfa17df7cd43c7c75460a77fd79256fd5af7897a41c10ccd0ec08352,OFF,16
810004,200,0.915,12,12,0.0,True,0.0,True,0.0,0.0,0.0,0.0,True,True,6953099.0548509285,7155341549.26,431.54771462384156,0.0,S1-01,980776db2467d81a3564740bdb4ad022c116dfc9796be8748e49de3684b57385,KNIFE,12
810004,200,0.925,17,17,0.0,True,29.470162771540117,False,0.0,0.0,0.0,0.0,True,False,6507285.8965264745,7088706227.360001,411.43304005065573,29470162771.54012,S1-02,e076076a493c9a9fecd89aa712afd11fa9cc3cdce2ce014987b0f0fe862c247d,KNIFE,17
810004,200,0.925,17,17,0.0,True,0.0,True,0.0,0.0,0.0,0.0,True,True,6778848.064848279,7887089349.070001,389.72582167058596,0.0,S1-03,e8942358d76782a9b97983734bb2cf2d4925edde76bf34b013857987a6d07591,KNIFE,17
810004,200,0.925,17,17,0.0,True,0.0,True,0.0,0.0,0.0,0.0,True,True,6885270.508637659,8345740271.040001,386.95193742209597,0.0,S1-04,2fbdff2cf85833d2f25518e9e46cdb4092302467d94deae2a413a8ff7b39e0ea,OFF,17
810004,200,0.935,2,2,0.0,True,0.0,True,0.0,0.0,0.0,0.0,True,True,6843969.511521102,8013513563.38,372.243388567927,0.0,S1-05,0b60f5ac3979e3d6c31937743b10148e837da4158c31b88b904216b3dc1384a2,KNIFE,2
810004,200,0.935,2,2,0.0,True,0.0,True,0.0,0.0,0.0,0.0,True,True,6743209.570722448,8096246576.780001,372.243388567927,0.0,S1-06,48d52933dafc91da0fbdf6d1998d6a15c7958c4a5263e9422d67d354ce765a01,KNIFE,2
810004,200,0.95,8,8,0.0,True,0.0,True,0.0,0.0,0.0,0.0,True,True,6983951.28597452,8219219881.48,411.50317271813515,0.0,S1-07,a18d3cb935f4bfecee271aef01fa76ccbbcd3dcdde281613c9c85fed27cfeb15,OFF,8
810004,200,0.965,2,2,0.0,True,0.0,True,0.0,0.0,0.0,0.0,True,True,7114132.782600668,9044968863.32,387.0439438381372,0.0,S1-08,df02d8bdb02eaad5d040102be1b952d67f28556d77a5f2f9034b7520bbb80a63,OFF,2
810004,200,0.97,2,"2,17",0.0,True,0.0,True,0.0,0.0,0.0,0.0,True,True,7102117.146955121,8344498311.79,403.82275463892444,0.0,S1-09,25d825efc4ab35fe1e8f79b49c4f34e7d9da53690921dd3fdb7aef692428c45e,OFF,2|17
810004,200,0.985,16,16,0.0,True,0.0,True,0.0,0.0,0.0,0.0,True,True,6744509.830407098,8134627364.78,369.7569881248463,0.0,S1-10,8f40fed8dfa17df7cd43c7c75460a77fd79256fd5af7897a41c10ccd0ec08352,OFF,16
810004,500,0.908,17,17,0.0,True,0.0,True,0.0,0.0,0.0,0.0,True,True,6967743.179326161,7155341549.26,431.7880942255231,0.0,S1-01,980776db2467d81a3564740bdb4ad022c116dfc9796be8748e49de3684b57385,KNIFE,17
810004,500,0.908,17,17,0.0,True,29.470162771540117,False,0.0,0.0,0.0,0.0,True,False,6680632.867218428,7088706227.360001,420.9285417312925,29470162771.54012,S1-02,e076076a493c9a9fecd89aa712afd11fa9cc3cdce2ce014987b0f0fe862c247d,KNIFE,17
810004,500,0.91,2,2,0.0,True,0.0,True,0.0,0.0,0.0,0.0,True,True,6877273.595194503,7887089349.070001,395.16617748127027,0.0,S1-03,e8942358d76782a9b97983734bb2cf2d4925edde76bf34b013857987a6d07591,KNIFE,2
810004,500,0.918,17,17,0.0,True,0.0,True,0.0,0.0,0.0,0.0,True,True,6894609.701733969,8345740271.040001,390.2459600218086,0.0,S1-04,2fbdff2cf85833d2f25518e9e46cdb4092302467d94deae2a413a8ff7b39e0ea,OFF,17
810004,500,0.91,2,2,0.0,True,0.0,True,0.0,0.0,0.0,0.0,True,True,6885189.87927091,8013513563.38,391.7937927823538,0.0,S1-05,0b60f5ac3979e3d6c31937743b10148e837da4158c31b88b904216b3dc1384a2,KNIFE,2
810004,500,0.91,2,2,0.0,True,0.0,True,0.0,0.0,0.0,0.0,True,True,6784195.583907028,8096246576.780001,391.7937927823538,0.0,S1-06,48d52933dafc91da0fbdf6d1998d6a15c7958c4a5263e9422d67d354ce765a01,KNIFE,2
810004,500,0.936,8,8,0.0,True,0.0,True,0.0,0.0,0.0,0.0,True,True,7063157.704584211,8219219881.48,459.74940473580773,0.0,S1-07,a18d3cb935f4bfecee271aef01fa76ccbbcd3dcdde281613c9c85fed27cfeb15,OFF,8
810004,500,0.952,2,2,0.0,True,0.0,True,0.0,0.0,0.0,0.0,True,True,7116952.898450276,9044968863.32,388.855827482066,0.0,S1-08,df02d8bdb02eaad5d040102be1b952d67f28556d77a5f2f9034b7520bbb80a63,OFF,2
810004,500,0.958,2,2,0.0,True,0.0,True,0.0,0.0,0.0,0.0,True,True,7106384.332157628,8344498311.79,410.8507940344277,0.0,S1-09,25d825efc4ab35fe1e8f79b49c4f34e7d9da53690921dd3fdb7aef692428c45e,OFF,2
810004,500,0.974,16,16,0.0,True,0.0,True,0.0,0.0,0.0,0.0,True,True,6745573.465048156,8134627364.78,382.4605751585617,0.0,S1-10,8f40fed8dfa17df7cd43c7c75460a77fd79256fd5af7897a41c10ccd0ec08352,OFF,16
810004,1000,0.905,17,17,0.0,True,0.0,True,0.0,0.0,0.0,0.0,True,True,6955280.152315654,7155341549.26,431.81423277199616,0.0,S1-01,980776db2467d81a3564740bdb4ad022c116dfc9796be8748e49de3684b57385,KNIFE,17
810004,1000,0.905,17,17,0.0,True,29.470162771540117,False,0.0,0.0,0.0,0.0,True,False,6673764.888311345,7088706227.360001,428.84585351725036,29470162771.54012,S1-02,e076076a493c9a9fecd89aa712afd11fa9cc3cdce2ce014987b0f0fe862c247d,KNIFE,17
810004,1000,0.911,2,2,0.0,True,0.0,True,0.0,0.0,0.0,0.0,True,True,6839208.153939264,7887089349.070001,393.59545880798817,0.0,S1-03,e8942358d76782a9b97983734bb2cf2d4925edde76bf34b013857987a6d07591,KNIFE,2
810004,1000,0.913,17,17,0.0,True,0.0,True,0.0,0.0,0.0,0.0,True,True,6892368.575,8345740271.040001,389.4761742484626,0.0,S1-04,2fbdff2cf85833d2f25518e9e46cdb4092302467d94deae2a413a8ff7b39e0ea,OFF,17
810004,1000,0.911,2,2,0.0,True,0.0,True,0.0,0.0,0.0,0.0,True,True,6872191.107275558,8013513563.38,390.9513631078475,0.0,S1-05,0b60f5ac3979e3d6c31937743b10148e837da4158c31b88b904216b3dc1384a2,KNIFE,2
810004,1000,0.911,2,2,0.0,True,0.0,True,0.0,0.0,0.0,0.0,True,True,6774527.919286187,8096246576.780001,390.9513631078475,0.0,S1-06,48d52933dafc91da0fbdf6d1998d6a15c7958c4a5263e9422d67d354ce765a01,KNIFE,2
810004,1000,0.92,8,8,0.0,True,0.0,True,0.0,0.0,0.0,0.0,True,True,7063157.704584211,8219219881.48,465.54706837222085,0.0,S1-07,a18d3cb935f4bfecee271aef01fa76ccbbcd3dcdde281613c9c85fed27cfeb15,OFF,8
810004,1000,0.957,2,2,0.0,True,0.0,True,0.0,0.0,0.0,0.0,True,True,7116952.898450276,9044968863.32,387.11838030212755,0.0,S1-08,df02d8bdb02eaad5d040102be1b952d67f28556d77a5f2f9034b7520bbb80a63,OFF,2
810004,1000,0.963,2,2,0.0,True,0.0,True,0.0,0.0,0.0,0.0,True,True,7105417.524276284,8344498311.79,410.41264971843043,0.0,S1-09,25d825efc4ab35fe1e8f79b49c4f34e7d9da53690921dd3fdb7aef692428c45e,OFF,2
810004,1000,0.975,16,16,0.0,True,0.0,True,0.0,0.0,0.0,0.0,True,True,6746021.030572306,8134627364.78,382.1940594286518,0.0,S1-10,8f40fed8dfa17df7cd43c7c75460a77fd79256fd5af7897a41c10ccd0ec08352,OFF,16
810005,200,0.9,17,17,0.0,True,0.0,True,0.0,0.0,0.0,0.0,True,True,7033563.211746846,7155341549.26,432.0165652269871,0.0,S1-01,980776db2467d81a3564740bdb4ad022c116dfc9796be8748e49de3684b57385,KNIFE,17
810005,200,0.9,17,17,0.0,True,0.0,True,0.0,0.0,0.0,0.0,True,True,6594641.129530586,7088706227.360001,429.54958569764585,0.0,S1-02,e076076a493c9a9fecd89aa712afd11fa9cc3cdce2ce014987b0f0fe862c247d,KNIFE,17
810005,200,0.91,17,17,0.0,True,0.0,True,0.0,0.0,0.0,0.0,True,True,6763183.623179219,7887089349.070001,391.1972935732867,0.0,S1-03,e8942358d76782a9b97983734bb2cf2d4925edde76bf34b013857987a6d07591,KNIFE,17
810005,200,0.91,17,17,0.0,True,0.0,True,0.0,0.0,0.0,0.0,True,True,6885451.810406559,8345740271.040001,389.5235728620363,0.0,S1-04,2fbdff2cf85833d2f25518e9e46cdb4092302467d94deae2a413a8ff7b39e0ea,OFF,17
810005,200,0.935,2,2,0.0,True,0.0,True,0.0,0.0,0.0,0.0,True,True,6842150.122731256,8013513563.38,388.2466741605402,0.0,S1-05,0b60f5ac3979e3d6c31937743b10148e837da4158c31b88b904216b3dc1384a2,KNIFE,2
810005,200,0.935,2,2,0.0,True,0.0,True,0.0,0.0,0.0,0.0,True,True,6744576.737047813,8096246576.780001,388.2466741605402,0.0,S1-06,48d52933dafc91da0fbdf6d1998d6a15c7958c4a5263e9422d67d354ce765a01,KNIFE,2
810005,200,0.94,8,8,0.0,True,0.0,True,0.0,0.0,0.0,0.0,True,True,7061313.571603475,8219219881.48,415.08464004296667,0.0,S1-07,a18d3cb935f4bfecee271aef01fa76ccbbcd3dcdde281613c9c85fed27cfeb15,OFF,8
810005,200,0.96,2,2,0.0,True,0.0,True,0.0,0.0,0.0,0.0,True,True,7117814.278942422,9044968863.32,394.4492539175039,0.0,S1-08,df02d8bdb02eaad5d040102be1b952d67f28556d77a5f2f9034b7520bbb80a63,OFF,2
810005,200,0.97,2,2,0.0,True,0.0,True,0.0,0.0,0.0,0.0,True,True,7104500.919371384,8344498311.79,408.69127041711494,0.0,S1-09,25d825efc4ab35fe1e8f79b49c4f34e7d9da53690921dd3fdb7aef692428c45e,OFF,2
810005,200,0.98,16,16,0.0,True,0.0,True,0.0,0.0,0.0,0.0,True,True,6746696.240380066,8134627364.78,383.80433881907373,0.0,S1-10,8f40fed8dfa17df7cd43c7c75460a77fd79256fd5af7897a41c10ccd0ec08352,OFF,16
810005,500,0.892,17,17,0.008000000000000007,False,0.0,True,0.0,0.0,0.0,0.0,True,False,7076195.89246569,7155341549.26,432.1591549825298,8000000.000000007,S1-01,980776db2467d81a3564740bdb4ad022c116dfc9796be8748e49de3684b57385,KNIFE,17
810005,500,0.892,17,17,0.008000000000000007,False,0.0,True,0.0,0.0,0.0,0.0,True,False,6718104.386685596,7088706227.360001,436.78924810138625,8000000.000000007,S1-02,e076076a493c9a9fecd89aa712afd11fa9cc3cdce2ce014987b0f0fe862c247d,KNIFE,17
810005,500,0.898,17,17,0.0020000000000000018,False,0.0,True,0.0,0.0,0.0,0.0,True,False,6873151.089733002,7887089349.070001,394.62908154677854,2000000.0000000019,S1-03,e8942358d76782a9b97983734bb2cf2d4925edde76bf34b013857987a6d07591,KNIFE,17
810005,500,0.898,17,17,0.0020000000000000018,False,0.0,True,0.0,0.0,0.0,0.0,True,False,6896765.720217344,8345740271.040001,393.6645479421582,2000000.0000000019,S1-04,2fbdff2cf85833d2f25518e9e46cdb4092302467d94deae2a413a8ff7b39e0ea,OFF,17
810005,500,0.912,2,2,0.0,True,0.0,True,0.0,0.0,0.0,0.0,True,True,6917852.657428481,8013513563.38,391.6444628585149,0.0,S1-05,0b60f5ac3979e3d6c31937743b10148e837da4158c31b88b904216b3dc1384a2,KNIFE,2
810005,500,0.912,2,2,0.0,True,0.0,True,0.0,0.0,0.0,0.0,True,True,6820310.48359891,8096246576.780001,391.6444628585149,0.0,S1-06,48d52933dafc91da0fbdf6d1998d6a15c7958c4a5263e9422d67d354ce765a01,KNIFE,2
810005,500,0.92,8,8,0.0,True,0.0,True,0.0,0.0,0.0,0.0,True,True,7087086.4824539395,8219219881.48,465.87149513019045,0.0,S1-07,a18d3cb935f4bfecee271aef01fa76ccbbcd3dcdde281613c9c85fed27cfeb15,OFF,8
810005,500,0.956,2,2,0.0,True,0.0,True,0.0,0.0,0.0,0.0,True,True,7119341.673555568,9044968863.32,393.6276956416627,0.0,S1-08,df02d8bdb02eaad5d040102be1b952d67f28556d77a5f2f9034b7520bbb80a63,OFF,2
810005,500,0.964,2,2,0.0,True,0.0,True,0.0,0.0,0.0,0.0,True,True,7105430.820704044,8344498311.79,410.88028865632435,0.0,S1-09,25d825efc4ab35fe1e8f79b49c4f34e7d9da53690921dd3fdb7aef692428c45e,OFF,2
810005,500,0.974,16,16,0.0,True,0.0,True,0.0,0.0,0.0,0.0,True,True,6747176.511367105,8134627364.78,386.59296728043694,0.0,S1-10,8f40fed8dfa17df7cd43c7c75460a77fd79256fd5af7897a41c10ccd0ec08352,OFF,16
810005,1000,0.896,17,17,0.0040000000000000036,False,0.0,True,0.0,0.0,0.0,0.0,True,False,7067205.375152146,7155341549.26,432.4151307444024,4000000.0000000037,S1-01,980776db2467d81a3564740bdb4ad022c116dfc9796be8748e49de3684b57385,KNIFE,17
810005,1000,0.896,17,17,0.0040000000000000036,False,0.0,True,0.0,0.0,0.0,0.0,True,False,6718104.386685596,7088706227.360001,440.454522453011,4000000.0000000037,S1-02,e076076a493c9a9fecd89aa712afd11fa9cc3cdce2ce014987b0f0fe862c247d,KNIFE,17
810005,1000,0.904,17,17,0.0,True,0.0,True,0.0,0.0,0.0,0.0,True,True,6886174.6709543,7887089349.070001,394.62908154677854,0.0,S1-03,e8942358d76782a9b97983734bb2cf2d4925edde76bf34b013857987a6d07591,KNIFE,17
810005,1000,0.904,17,17,0.0,True,0.0,True,0.0,0.0,0.0,0.0,True,True,6893386.913442241,8345740271.040001,393.6645479421582,0.0,S1-04,2fbdff2cf85833d2f25518e9e46cdb4092302467d94deae2a413a8ff7b39e0ea,OFF,17
810005,1000,0.907,2,2,0.0,True,0.0,True,0.0,0.0,0.0,0.0,True,True,6933312.957215501,8013513563.38,392.01934689715085,0.0,S1-05,0b60f5ac3979e3d6c31937743b10148e837da4158c31b88b904216b3dc1384a2,KNIFE,2
810005,1000,0.907,2,2,0.0,True,0.0,True,0.0,0.0,0.0,0.0,True,True,6835331.17466885,8096246576.780001,392.01934689715085,0.0,S1-06,48d52933dafc91da0fbdf6d1998d6a15c7958c4a5263e9422d67d354ce765a01,KNIFE,2
810005,1000,0.931,8,8,0.0,True,0.0,True,0.0,0.0,0.0,0.0,True,True,7091953.196006091,8219219881.48,464.0622343116319,0.0,S1-07,a18d3cb935f4bfecee271aef01fa76ccbbcd3dcdde281613c9c85fed27cfeb15,OFF,8
810005,1000,0.951,2,2,0.0,True,0.0,True,0.0,0.0,0.0,0.0,True,True,7119605.804495499,9044968863.32,391.9507820464995,0.0,S1-08,df02d8bdb02eaad5d040102be1b952d67f28556d77a5f2f9034b7520bbb80a63,OFF,2
810005,1000,0.959,2,2,0.0,True,0.0,True,0.0,0.0,0.0,0.0,True,True,7106675.803571475,8344498311.79,410.88028865632435,0.0,S1-09,25d825efc4ab35fe1e8f79b49c4f34e7d9da53690921dd3fdb7aef692428c45e,OFF,2
810005,1000,0.972,16,16,0.0,True,0.0,True,0.0,0.0,0.0,0.0,True,True,6746523.037722535,8134627364.78,386.59296728043694,0.0,S1-10,8f40fed8dfa17df7cd43c7c75460a77fd79256fd5af7897a41c10ccd0ec08352,OFF,16
810006,200,0.89,17,17,0.015000000000000013,False,0.0,True,0.0,0.0,0.0,0.0,True,False,7245695.865656399,7155341549.26,432.1149687104345,15000000.000000013,S1-01,980776db2467d81a3564740bdb4ad022c116dfc9796be8748e49de3684b57385,KNIFE,17
810006,200,0.89,17,17,0.015000000000000013,False,0.0,True,0.0,0.0,0.0,0.0,True,False,6756304.328668721,7088706227.360001,453.4954946895138,15000000.000000013,S1-02,e076076a493c9a9fecd89aa712afd11fa9cc3cdce2ce014987b0f0fe862c247d,KNIFE,17
810006,200,0.895,2,"2,17",0.010000000000000009,False,0.0,True,0.0,0.0,0.0,0.0,True,False,6917066.042711314,7887089349.070001,398.01776714815236,10000000.00000001,S1-03,e8942358d76782a9b97983734bb2cf2d4925edde76bf34b013857987a6d07591,KNIFE,2|17
810006,200,0.895,17,17,0.0050000000000000044,False,0.0,True,0.0,0.0,0.0,0.0,True,False,6921596.483633518,8345740271.040001,398.01776714815236,5000000.000000005,S1-04,2fbdff2cf85833d2f25518e9e46cdb4092302467d94deae2a413a8ff7b39e0ea,OFF,17
810006,200,0.895,2,2,0.0050000000000000044,False,0.0,True,0.0,0.0,0.0,0.0,True,False,6893015.301144594,8013513563.38,395.2998225502972,5000000.000000005,S1-05,0b60f5ac3979e3d6c31937743b10148e837da4158c31b88b904216b3dc1384a2,KNIFE,2
810006,200,0.895,2,2,0.0050000000000000044,False,0.0,True,0.0,0.0,0.0,0.0,True,False,6792875.507082043,8096246576.780001,395.2998225502972,5000000.000000005,S1-06,48d52933dafc91da0fbdf6d1998d6a15c7958c4a5263e9422d67d354ce765a01,KNIFE,2
810006,200,0.955,5,"5,7,17",0.0,True,0.0,True,0.0,0.0,0.0,0.0,True,True,7070367.439422838,8219219881.48,448.1267047239636,0.0,S1-07,a18d3cb935f4bfecee271aef01fa76ccbbcd3dcdde281613c9c85fed27cfeb15,OFF,5|7|17
810006,200,0.955,5,"5,17",0.0,True,0.0,True,0.0,0.0,0.0,0.0,True,True,7116096.432255555,9044968863.32,392.1271538072591,0.0,S1-08,df02d8bdb02eaad5d040102be1b952d67f28556d77a5f2f9034b7520bbb80a63,OFF,5|17
810006,200,0.955,5,"5,17",0.0,True,0.0,True,0.0,0.0,0.0,0.0,True,True,7106909.909295094,8344498311.79,410.73071843665883,0.0,S1-09,25d825efc4ab35fe1e8f79b49c4f34e7d9da53690921dd3fdb7aef692428c45e,OFF,5|17
810006,200,0.965,16,16,0.0,True,0.0,True,0.0,0.0,0.0,0.0,True,True,6745027.995214066,8134627364.78,395.2739092181193,0.0,S1-10,8f40fed8dfa17df7cd43c7c75460a77fd79256fd5af7897a41c10ccd0ec08352,OFF,16
810006,500,0.898,17,17,0.0020000000000000018,False,0.0,True,0.0,0.0,0.0,0.0,True,False,6974056.274452588,7155341549.26,431.8135701676049,2000000.0000000019,S1-01,980776db2467d81a3564740bdb4ad022c116dfc9796be8748e49de3684b57385,KNIFE,17
810006,500,0.898,17,17,0.0020000000000000018,False,0.0,True,0.0,0.0,0.0,0.0,True,False,6733471.671153839,7088706227.360001,449.4612380787706,2000000.0000000019,S1-02,e076076a493c9a9fecd89aa712afd11fa9cc3cdce2ce014987b0f0fe862c247d,KNIFE,17
810006,500,0.902,2,"2,17",0.0,True,0.0,True,0.0,0.0,0.0,0.0,True,True,6910936.893780001,7887089349.070001,395.79087963976076,0.0,S1-03,e8942358d76782a9b97983734bb2cf2d4925edde76bf34b013857987a6d07591,KNIFE,2|17
810006,500,0.902,17,17,0.0,True,0.0,True,0.0,0.0,0.0,0.0,True,True,6900594.644401731,8345740271.040001,391.90152954212937,0.0,S1-04,2fbdff2cf85833d2f25518e9e46cdb4092302467d94deae2a413a8ff7b39e0ea,OFF,17
810006,500,0.902,2,2,0.0,True,0.0,True,0.0,0.0,0.0,0.0,True,True,6854995.4909072695,8013513563.38,394.19067640820583,0.0,S1-05,0b60f5ac3979e3d6c31937743b10148e837da4158c31b88b904216b3dc1384a2,KNIFE,2
810006,500,0.902,2,2,0.0,True,0.0,True,0.0,0.0,0.0,0.0,True,True,6757839.535941007,8096246576.780001,394.19067640820583,0.0,S1-06,48d52933dafc91da0fbdf6d1998d6a15c7958c4a5263e9422d67d354ce765a01,KNIFE,2
810006,500,0.934,8,8,0.0,True,0.0,True,0.0,0.0,0.0,0.0,True,True,7079608.566141564,8219219881.48,463.33829703677776,0.0,S1-07,a18d3cb935f4bfecee271aef01fa76ccbbcd3dcdde281613c9c85fed27cfeb15,OFF,8
810006,500,0.952,2,2,0.0,True,0.0,True,0.0,0.0,0.0,0.0,True,True,7117539.284505432,9044968863.32,390.1546379565381,0.0,S1-08,df02d8bdb02eaad5d040102be1b952d67f28556d77a5f2f9034b7520bbb80a63,OFF,2
810006,500,0.962,2,2,0.0,True,0.0,True,0.0,0.0,0.0,0.0,True,True,7105180.066748418,8344498311.79,410.5063668712948,0.0,S1-09,25d825efc4ab35fe1e8f79b49c4f34e7d9da53690921dd3fdb7aef692428c45e,OFF,2
810006,500,0.966,16,16,0.0,True,0.0,True,0.0,0.0,0.0,0.0,True,True,6746588.647301088,8134627364.78,384.34118671265037,0.0,S1-10,8f40fed8dfa17df7cd43c7c75460a77fd79256fd5af7897a41c10ccd0ec08352,OFF,16
810006,1000,0.908,17,17,0.0,True,0.0,True,0.0,0.0,0.0,0.0,True,True,6948201.1272955425,7155341549.26,431.449552459611,0.0,S1-01,980776db2467d81a3564740bdb4ad022c116dfc9796be8748e49de3684b57385,KNIFE,17
810006,1000,0.908,17,17,0.0,True,0.0,True,0.0,0.0,0.0,0.0,True,True,6644952.686535046,7088706227.360001,439.4751540784137,0.0,S1-02,e076076a493c9a9fecd89aa712afd11fa9cc3cdce2ce014987b0f0fe862c247d,KNIFE,17
810006,1000,0.914,17,17,0.0,True,0.0,True,0.0,0.0,0.0,0.0,True,True,6840152.927257465,7887089349.070001,392.81764851133454,0.0,S1-03,e8942358d76782a9b97983734bb2cf2d4925edde76bf34b013857987a6d07591,KNIFE,17
810006,1000,0.914,17,17,0.0,True,0.0,True,0.0,0.0,0.0,0.0,True,True,6890236.401996412,8345740271.040001,389.372719849832,0.0,S1-04,2fbdff2cf85833d2f25518e9e46cdb4092302467d94deae2a413a8ff7b39e0ea,OFF,17
810006,1000,0.919,2,2,0.0,True,0.0,True,0.0,0.0,0.0,0.0,True,True,6845675.314723382,8013513563.38,389.3682351397491,0.0,S1-05,0b60f5ac3979e3d6c31937743b10148e837da4158c31b88b904216b3dc1384a2,KNIFE,2
810006,1000,0.919,2,2,0.0,True,0.0,True,0.0,0.0,0.0,0.0,True,True,6745587.0292211175,8096246576.780001,389.3682351397491,0.0,S1-06,48d52933dafc91da0fbdf6d1998d6a15c7958c4a5263e9422d67d354ce765a01,KNIFE,2
810006,1000,0.93,8,8,0.0,True,0.0,True,0.0,0.0,0.0,0.0,True,True,7065906.387487064,8219219881.48,462.16986177853397,0.0,S1-07,a18d3cb935f4bfecee271aef01fa76ccbbcd3dcdde281613c9c85fed27cfeb15,OFF,8
810006,1000,0.958,2,2,0.0,True,0.0,True,0.0,0.0,0.0,0.0,True,True,7116141.532101841,9044968863.32,387.0501358465511,0.0,S1-08,df02d8bdb02eaad5d040102be1b952d67f28556d77a5f2f9034b7520bbb80a63,OFF,2
810006,1000,0.966,2,2,0.0,True,0.0,True,0.0,0.0,0.0,0.0,True,True,7104286.842648943,8344498311.79,409.7492116064024,0.0,S1-09,25d825efc4ab35fe1e8f79b49c4f34e7d9da53690921dd3fdb7aef692428c45e,OFF,2
810006,1000,0.971,16,16,0.0,True,0.0,True,0.0,0.0,0.0,0.0,True,True,6745978.442601208,8134627364.78,380.38341770835456,0.0,S1-10,8f40fed8dfa17df7cd43c7c75460a77fd79256fd5af7897a41c10ccd0ec08352,OFF,16
810007,200,0.875,2,2,0.025000000000000022,False,0.0,True,0.0,0.0,0.0,0.0,True,False,7018277.501957872,7155341549.26,431.8505275560428,25000000.000000022,S1-01,980776db2467d81a3564740bdb4ad022c116dfc9796be8748e49de3684b57385,KNIFE,2
810007,200,0.875,2,2,0.025000000000000022,False,0.0,True,0.0,0.0,0.0,0.0,True,False,6701712.258899517,7088706227.360001,432.4416156968712,25000000.000000022,S1-02,e076076a493c9a9fecd89aa712afd11fa9cc3cdce2ce014987b0f0fe862c247d,KNIFE,2
810007,200,0.875,2,2,0.025000000000000022,False,0.0,True,0.0,0.0,0.0,0.0,True,False,6854652.646434154,7887089349.070001,396.5097681673881,25000000.000000022,S1-03,e8942358d76782a9b97983734bb2cf2d4925edde76bf34b013857987a6d07591,KNIFE,2
810007,200,0.945,17,17,0.0,True,0.0,True,0.0,0.0,0.0,0.0,True,True,6888299.875640882,8345740271.040001,392.11041572408317,0.0,S1-04,2fbdff2cf85833d2f25518e9e46cdb4092302467d94deae2a413a8ff7b39e0ea,OFF,17
810007,200,0.875,2,2,0.025000000000000022,False,0.0,True,0.0,0.0,0.0,0.0,True,False,6947754.989429698,8013513563.38,394.9912567070949,25000000.000000022,S1-05,0b60f5ac3979e3d6c31937743b10148e837da4158c31b88b904216b3dc1384a2,KNIFE,2
810007,200,0.875,2,2,0.025000000000000022,False,0.0,True,0.0,0.0,0.0,0.0,True,False,6849135.500184042,8096246576.780001,394.9912567070949,25000000.000000022,S1-06,48d52933dafc91da0fbdf6d1998d6a15c7958c4a5263e9422d67d354ce765a01,KNIFE,2
810007,200,0.945,2,"2,8",0.0,True,0.0,True,0.0,0.0,0.0,0.0,True,True,7068578.277968143,8219219881.48,452.16192937927815,0.0,S1-07,a18d3cb935f4bfecee271aef01fa76ccbbcd3dcdde281613c9c85fed27cfeb15,OFF,2|8
810007,200,0.945,2,2,0.0,True,0.0,True,0.0,0.0,0.0,0.0,True,True,7118568.43412683,9044968863.32,391.54285819355664,0.0,S1-08,df02d8bdb02eaad5d040102be1b952d67f28556d77a5f2f9034b7520bbb80a63,OFF,2
810007,200,0.945,2,2,0.0,True,0.0,True,0.0,0.0,0.0,0.0,True,True,7106611.6138821505,8344498311.79,411.1440317591462,0.0,S1-09,25d825efc4ab35fe1e8f79b49c4f34e7d9da53690921dd3fdb7aef692428c45e,OFF,2
810007,200,0.965,16,16,0.0,True,0.0,True,0.0,0.0,0.0,0.0,True,True,6744302.6393286,8134627364.78,386.16888546175005,0.0,S1-10,8f40fed8dfa17df7cd43c7c75460a77fd79256fd5af7897a41c10ccd0ec08352,OFF,16
810007,500,0.912,2,2,0.0,True,0.0,True,0.0,0.0,0.0,0.0,True,True,6962228.462591946,7155341549.26,431.71918550598167,0.0,S1-01,980776db2467d81a3564740bdb4ad022c116dfc9796be8748e49de3684b57385,KNIFE,2
810007,500,0.912,2,2,0.0,True,0.0,True,0.0,0.0,0.0,0.0,True,True,6628723.945759706,7088706227.360001,417.55181812697765,0.0,S1-02,e076076a493c9a9fecd89aa712afd11fa9cc3cdce2ce014987b0f0fe862c247d,KNIFE,2
810007,500,0.912,2,2,0.0,True,0.0,True,0.0,0.0,0.0,0.0,True,True,6836849.974419735,7887089349.070001,390.99925415853056,0.0,S1-03,e8942358d76782a9b97983734bb2cf2d4925edde76bf34b013857987a6d07591,KNIFE,2
810007,500,0.922,17,17,0.0,True,0.0,True,0.0,0.0,0.0,0.0,True,True,6891846.905158826,8345740271.040001,389.1960387484488,0.0,S1-04,2fbdff2cf85833d2f25518e9e46cdb4092302467d94deae2a413a8ff7b39e0ea,OFF,17
810007,500,0.912,2,2,0.0,True,0.0,True,0.0,0.0,0.0,0.0,True,True,6849402.454330918,8013513563.38,385.8261381979282,0.0,S1-05,0b60f5ac3979e3d6c31937743b10148e837da4158c31b88b904216b3dc1384a2,KNIFE,2
810007,500,0.912,2,2,0.0,True,0.0,True,0.0,0.0,0.0,0.0,True,True,6749297.395458359,8096246576.780001,385.8261381979282,0.0,S1-06,48d52933dafc91da0fbdf6d1998d6a15c7958c4a5263e9422d67d354ce765a01,KNIFE,2
810007,500,0.932,8,8,0.0,True,0.0,True,0.0,0.0,0.0,0.0,True,True,7061356.614100959,8219219881.48,451.315248709292,0.0,S1-07,a18d3cb935f4bfecee271aef01fa76ccbbcd3dcdde281613c9c85fed27cfeb15,OFF,8
810007,500,0.966,2,2,0.0,True,0.0,True,0.0,0.0,0.0,0.0,True,True,7115705.668661925,9044968863.32,387.0792018529023,0.0,S1-08,df02d8bdb02eaad5d040102be1b952d67f28556d77a5f2f9034b7520bbb80a63,OFF,2
810007,500,0.968,2,2,0.0,True,0.0,True,0.0,0.0,0.0,0.0,True,True,7103902.211759769,8344498311.79,409.76824030700817,0.0,S1-09,25d825efc4ab35fe1e8f79b49c4f34e7d9da53690921dd3fdb7aef692428c45e,OFF,2
810007,500,0.98,16,16,0.0,True,0.0,True,0.0,0.0,0.0,0.0,True,True,6744494.123544313,8134627364.78,378.15353647902793,0.0,S1-10,8f40fed8dfa17df7cd43c7c75460a77fd79256fd5af7897a41c10ccd0ec08352,OFF,16
810007,1000,0.912,17,17,0.0,True,0.0,True,0.0,0.0,0.0,0.0,True,True,6964753.7376369,7155341549.26,431.8503360647595,0.0,S1-01,980776db2467d81a3564740bdb4ad022c116dfc9796be8748e49de3684b57385,KNIFE,17
810007,1000,0.912,17,17,0.0,True,0.0,True,0.0,0.0,0.0,0.0,True,True,6667624.0642527705,7088706227.360001,426.54627551612646,0.0,S1-02,e076076a493c9a9fecd89aa712afd11fa9cc3cdce2ce014987b0f0fe862c247d,KNIFE,17
810007,1000,0.913,2,2,0.0,True,0.0,True,0.0,0.0,0.0,0.0,True,True,6836975.987185337,7887089349.070001,391.42733383596897,0.0,S1-03,e8942358d76782a9b97983734bb2cf2d4925edde76bf34b013857987a6d07591,KNIFE,2
810007,1000,0.919,17,17,0.0,True,0.0,True,0.0,0.0,0.0,0.0,True,True,6891452.914175222,8345740271.040001,388.4517102184839,0.0,S1-04,2fbdff2cf85833d2f25518e9e46cdb4092302467d94deae2a413a8ff7b39e0ea,OFF,17
810007,1000,0.913,2,2,0.0,True,0.0,True,0.0,0.0,0.0,0.0,True,True,6849402.454330918,8013513563.38,386.95410997340593,0.0,S1-05,0b60f5ac3979e3d6c31937743b10148e837da4158c31b88b904216b3dc1384a2,KNIFE,2
810007,1000,0.913,2,2,0.0,True,0.0,True,0.0,0.0,0.0,0.0,True,True,6750075.915195588,8096246576.780001,386.95410997340593,0.0,S1-06,48d52933dafc91da0fbdf6d1998d6a15c7958c4a5263e9422d67d354ce765a01,KNIFE,2
810007,1000,0.924,8,8,0.0,True,0.0,True,0.0,0.0,0.0,0.0,True,True,7065762.93160664,8219219881.48,462.3362819866795,0.0,S1-07,a18d3cb935f4bfecee271aef01fa76ccbbcd3dcdde281613c9c85fed27cfeb15,OFF,8
810007,1000,0.963,2,2,0.0,True,0.0,True,0.0,0.0,0.0,0.0,True,True,7116016.27603133,9044968863.32,387.0715705963583,0.0,S1-08,df02d8bdb02eaad5d040102be1b952d67f28556d77a5f2f9034b7520bbb80a63,OFF,2
810007,1000,0.966,2,2,0.0,True,0.0,True,0.0,0.0,0.0,0.0,True,True,7105539.428535142,8344498311.79,410.00531276707363,0.0,S1-09,25d825efc4ab35fe1e8f79b49c4f34e7d9da53690921dd3fdb7aef692428c45e,OFF,2
810007,1000,0.976,16,16,0.0,True,0.0,True,0.0,0.0,0.0,0.0,True,True,6745885.500264981,8134627364.78,378.39421753383004,0.0,S1-10,8f40fed8dfa17df7cd43c7c75460a77fd79256fd5af7897a41c10ccd0ec08352,OFF,16
810008,200,0.925,12,"12,17",0.0,True,0.0,True,0.0,0.0,0.0,0.0,True,True,6979956.288572116,7155341549.26,432.6664092532666,0.0,S1-01,980776db2467d81a3564740bdb4ad022c116dfc9796be8748e49de3684b57385,KNIFE,12|17
810008,200,0.925,17,17,0.0,True,0.0,True,0.0,0.0,0.0,0.0,True,True,6544337.699446108,7088706227.360001,439.0576716229869,0.0,S1-02,e076076a493c9a9fecd89aa712afd11fa9cc3cdce2ce014987b0f0fe862c247d,KNIFE,17
810008,200,0.93,17,17,0.0,True,0.0,True,0.0,0.0,0.0,0.0,True,True,6809465.054010204,7887089349.070001,392.40307778584736,0.0,S1-03,e8942358d76782a9b97983734bb2cf2d4925edde76bf34b013857987a6d07591,KNIFE,17
810008,200,0.93,17,17,0.0,True,0.0,True,0.0,0.0,0.0,0.0,True,True,6897081.466874338,8345740271.040001,390.13421129449324,0.0,S1-04,2fbdff2cf85833d2f25518e9e46cdb4092302467d94deae2a413a8ff7b39e0ea,OFF,17
810008,200,0.935,2,2,0.0,True,0.0,True,0.0,0.0,0.0,0.0,True,True,6848161.912286524,8013513563.38,386.6303096869501,0.0,S1-05,0b60f5ac3979e3d6c31937743b10148e837da4158c31b88b904216b3dc1384a2,KNIFE,2
810008,200,0.935,2,2,0.0,True,0.0,True,0.0,0.0,0.0,0.0,True,True,6748260.974226907,8096246576.780001,386.6303096869501,0.0,S1-06,48d52933dafc91da0fbdf6d1998d6a15c7958c4a5263e9422d67d354ce765a01,KNIFE,2
810008,200,0.95,8,8,0.0,True,0.0,True,0.0,0.0,0.0,0.0,True,True,7081835.462685079,8219219881.48,451.0664734334735,0.0,S1-07,a18d3cb935f4bfecee271aef01fa76ccbbcd3dcdde281613c9c85fed27cfeb15,OFF,8
810008,200,0.955,2,2,0.0,True,0.0,True,0.0,0.0,0.0,0.0,True,True,7118313.589573891,9044968863.32,387.1948022099292,0.0,S1-08,df02d8bdb02eaad5d040102be1b952d67f28556d77a5f2f9034b7520bbb80a63,OFF,2
810008,200,0.96,2,2,0.0,True,0.0,True,0.0,0.0,0.0,0.0,True,True,7108621.400289971,8344498311.79,410.16029340438087,0.0,S1-09,25d825efc4ab35fe1e8f79b49c4f34e7d9da53690921dd3fdb7aef692428c45e,OFF,2
810008,200,0.965,16,16,0.0,True,0.0,True,0.0,0.0,0.0,0.0,True,True,6748268.516851874,8134627364.78,380.0040851657464,0.0,S1-10,8f40fed8dfa17df7cd43c7c75460a77fd79256fd5af7897a41c10ccd0ec08352,OFF,16
810008,500,0.906,2,2,0.0,True,0.0,True,0.0,0.0,0.0,0.0,True,True,6961895.28802483,7155341549.26,432.1093110807721,0.0,S1-01,980776db2467d81a3564740bdb4ad022c116dfc9796be8748e49de3684b57385,KNIFE,2
810008,500,0.906,2,2,0.0,True,0.0,True,0.0,0.0,0.0,0.0,True,True,6712769.883452032,7088706227.360001,458.34696107192696,0.0,S1-02,e076076a493c9a9fecd89aa712afd11fa9cc3cdce2ce014987b0f0fe862c247d,KNIFE,2
810008,500,0.906,2,2,0.0,True,0.0,True,0.0,0.0,0.0,0.0,True,True,6883271.187143925,7887089349.070001,396.18118637221363,0.0,S1-03,e8942358d76782a9b97983734bb2cf2d4925edde76bf34b013857987a6d07591,KNIFE,2
810008,500,0.928,17,17,0.0,True,0.0,True,0.0,0.0,0.0,0.0,True,True,6891167.809272837,8345740271.040001,391.56340402414287,0.0,S1-04,2fbdff2cf85833d2f25518e9e46cdb4092302467d94deae2a413a8ff7b39e0ea,OFF,17
810008,500,0.906,2,2,0.0,True,0.0,True,0.0,0.0,0.0,0.0,True,True,6935460.283252555,8013513563.38,393.2180738086503,0.0,S1-05,0b60f5ac3979e3d6c31937743b10148e837da4158c31b88b904216b3dc1384a2,KNIFE,2
810008,500,0.906,2,2,0.0,True,0.0,True,0.0,0.0,0.0,0.0,True,True,6838353.648606126,8096246576.780001,393.2180738086503,0.0,S1-06,48d52933dafc91da0fbdf6d1998d6a15c7958c4a5263e9422d67d354ce765a01,KNIFE,2
810008,500,0.92,8,8,0.0,True,0.0,True,0.0,0.0,0.0,0.0,True,True,7188331.260926765,8219219881.48,466.64927774668064,0.0,S1-07,a18d3cb935f4bfecee271aef01fa76ccbbcd3dcdde281613c9c85fed27cfeb15,OFF,8
810008,500,0.94,2,2,0.0,True,0.0,True,0.0,0.0,0.0,0.0,True,True,7121193.8185336925,9044968863.32,389.5389331985511,0.0,S1-08,df02d8bdb02eaad5d040102be1b952d67f28556d77a5f2f9034b7520bbb80a63,OFF,2
810008,500,0.948,2,2,0.0,True,0.0,True,0.0,0.0,0.0,0.0,True,True,7108920.332056916,8344498311.79,411.04087720332507,0.0,S1-09,25d825efc4ab35fe1e8f79b49c4f34e7d9da53690921dd3fdb7aef692428c45e,OFF,2
810008,500,0.96,16,16,0.0,True,0.0,True,0.0,0.0,0.0,0.0,True,True,6746788.955939044,8134627364.78,385.32455526601444,0.0,S1-10,8f40fed8dfa17df7cd43c7c75460a77fd79256fd5af7897a41c10ccd0ec08352,OFF,16
810008,1000,0.903,2,2,0.0,True,0.0,True,0.0,0.0,0.0,0.0,True,True,7035842.222494073,7155341549.26,432.31010833107223,0.0,S1-01,980776db2467d81a3564740bdb4ad022c116dfc9796be8748e49de3684b57385,KNIFE,2
810008,1000,0.903,2,2,0.0,True,0.0,True,0.0,0.0,0.0,0.0,True,True,6712769.883452032,7088706227.360001,450.41713257572223,0.0,S1-02,e076076a493c9a9fecd89aa712afd11fa9cc3cdce2ce014987b0f0fe862c247d,KNIFE,2
810008,1000,0.904,2,2,0.0,True,0.0,True,0.0,0.0,0.0,0.0,True,True,6898143.26477277,7887089349.070001,395.60587476169195,0.0,S1-03,e8942358d76782a9b97983734bb2cf2d4925edde76bf34b013857987a6d07591,KNIFE,2
810008,1000,0.924,17,17,0.0,True,0.0,True,0.0,0.0,0.0,0.0,True,True,6897081.466874338,8345740271.040001,392.3316055297559,0.0,S1-04,2fbdff2cf85833d2f25518e9e46cdb4092302467d94deae2a413a8ff7b39e0ea,OFF,17
810008,1000,0.904,2,2,0.0,True,0.0,True,0.0,0.0,0.0,0.0,True,True,6970867.343169521,8013513563.38,393.2180738086503,0.0,S1-05,0b60f5ac3979e3d6c31937743b10148e837da4158c31b88b904216b3dc1384a2,KNIFE,2
810008,1000,0.904,2,2,0.0,True,0.0,True,0.0,0.0,0.0,0.0,True,True,6872687.713883243,8096246576.780001,393.2180738086503,0.0,S1-06,48d52933dafc91da0fbdf6d1998d6a15c7958c4a5263e9422d67d354ce765a01,KNIFE,2
810008,1000,0.922,8,8,0.0,True,0.0,True,0.0,0.0,0.0,0.0,True,True,7181580.139581724,8219219881.48,465.848691676075,0.0,S1-07,a18d3cb935f4bfecee271aef01fa76ccbbcd3dcdde281613c9c85fed27cfeb15,OFF,8
810008,1000,0.942,2,2,0.0,True,0.0,True,0.0,0.0,0.0,0.0,True,True,7120640.164763646,9044968863.32,390.6303862592987,0.0,S1-08,df02d8bdb02eaad5d040102be1b952d67f28556d77a5f2f9034b7520bbb80a63,OFF,2
810008,1000,0.947,2,2,0.0,True,0.0,True,0.0,0.0,0.0,0.0,True,True,7109117.628819661,8344498311.79,410.91991785118216,0.0,S1-09,25d825efc4ab35fe1e8f79b49c4f34e7d9da53690921dd3fdb7aef692428c45e,OFF,2
810008,1000,0.962,16,16,0.0,True,0.0,True,0.0,0.0,0.0,0.0,True,True,6746457.0869592205,8134627364.78,386.4883405629492,0.0,S1-10,8f40fed8dfa17df7cd43c7c75460a77fd79256fd5af7897a41c10ccd0ec08352,OFF,16
810009,200,0.875,17,17,0.03500000000000003,False,0.0,True,0.0,0.0,0.0,0.0,True,False,6982943.947936439,7155341549.26,431.9200129632569,35000000.00000003,S1-01,980776db2467d81a3564740bdb4ad022c116dfc9796be8748e49de3684b57385,KNIFE,17
810009,200,0.875,17,17,0.025000000000000022,False,0.0,True,0.0,0.0,0.0,0.0,True,False,6700874.865146128,7088706227.360001,459.8477742597551,25000000.000000022,S1-02,e076076a493c9a9fecd89aa712afd11fa9cc3cdce2ce014987b0f0fe862c247d,KNIFE,17
810009,200,0.88,17,17,0.020000000000000018,False,0.0,True,0.0,0.0,0.0,0.0,True,False,6919460.420923713,7887089349.070001,398.5501327822689,20000000.00000002,S1-03,e8942358d76782a9b97983734bb2cf2d4925edde76bf34b013857987a6d07591,KNIFE,17
810009,200,0.88,17,17,0.020000000000000018,False,0.0,True,0.0,0.0,0.0,0.0,True,False,6940193.683849299,8345740271.040001,398.4972626723459,20000000.00000002,S1-04,2fbdff2cf85833d2f25518e9e46cdb4092302467d94deae2a413a8ff7b39e0ea,OFF,17
810009,200,0.9,2,2,0.0,True,0.0,True,0.0,0.0,0.0,0.0,True,True,7010904.535211374,8013513563.38,393.2836995875217,0.0,S1-05,0b60f5ac3979e3d6c31937743b10148e837da4158c31b88b904216b3dc1384a2,KNIFE,2
810009,200,0.9,2,2,0.0,True,0.0,True,0.0,0.0,0.0,0.0,True,True,6913413.936216831,8096246576.780001,393.2836995875217,0.0,S1-06,48d52933dafc91da0fbdf6d1998d6a15c7958c4a5263e9422d67d354ce765a01,KNIFE,2
810009,200,0.945,8,8,0.0,True,0.0,True,0.0,0.0,0.0,0.0,True,True,7135832.572813418,8219219881.48,463.39730502628913,0.0,S1-07,a18d3cb935f4bfecee271aef01fa76ccbbcd3dcdde281613c9c85fed27cfeb15,OFF,8
810009,200,0.95,2,2,0.0,True,0.0,True,0.0,0.0,0.0,0.0,True,True,7120657.327190494,9044968863.32,393.66140391260257,0.0,S1-08,df02d8bdb02eaad5d040102be1b952d67f28556d77a5f2f9034b7520bbb80a63,OFF,2
810009,200,0.955,2,2,0.0,True,0.0,True,0.0,0.0,0.0,0.0,True,True,7111207.599162257,8344498311.79,411.0259559994234,0.0,S1-09,25d825efc4ab35fe1e8f79b49c4f34e7d9da53690921dd3fdb7aef692428c45e,OFF,2
810009,200,0.965,16,16,0.0,True,0.0,True,0.0,0.0,0.0,0.0,True,True,6749183.85609353,8134627364.78,386.5483129241737,0.0,S1-10,8f40fed8dfa17df7cd43c7c75460a77fd79256fd5af7897a41c10ccd0ec08352,OFF,16
810009,500,0.906,17,17,0.0,True,0.0,True,0.0,0.0,0.0,0.0,True,True,6950811.344700381,7155341549.26,431.8036897540599,0.0,S1-01,980776db2467d81a3564740bdb4ad022c116dfc9796be8748e49de3684b57385,KNIFE,17
810009,500,0.906,17,17,0.0,True,0.0,True,0.0,0.0,0.0,0.0,True,True,6672299.653932717,7088706227.360001,448.8845547517297,0.0,S1-02,e076076a493c9a9fecd89aa712afd11fa9cc3cdce2ce014987b0f0fe862c247d,KNIFE,17
810009,500,0.914,2,"2,17",0.0,True,0.0,True,0.0,0.0,0.0,0.0,True,True,6816479.850107913,7887089349.070001,393.633422883016,0.0,S1-03,e8942358d76782a9b97983734bb2cf2d4925edde76bf34b013857987a6d07591,KNIFE,2|17
810009,500,0.914,17,17,0.0,True,0.0,True,0.0,0.0,0.0,0.0,True,True,6891587.142137885,8345740271.040001,388.0290228377913,0.0,S1-04,2fbdff2cf85833d2f25518e9e46cdb4092302467d94deae2a413a8ff7b39e0ea,OFF,17
810009,500,0.914,2,2,0.0,True,0.0,True,0.0,0.0,0.0,0.0,True,True,6859438.515314372,8013513563.38,390.4893801351815,0.0,S1-05,0b60f5ac3979e3d6c31937743b10148e837da4158c31b88b904216b3dc1384a2,KNIFE,2
810009,500,0.914,2,2,0.0,True,0.0,True,0.0,0.0,0.0,0.0,True,True,6760758.650195045,8096246576.780001,390.4893801351815,0.0,S1-06,48d52933dafc91da0fbdf6d1998d6a15c7958c4a5263e9422d67d354ce765a01,KNIFE,2
810009,500,0.914,8,8,0.0,True,0.0,True,0.0,0.0,0.0,0.0,True,True,7069776.856204542,8219219881.48,464.46929047358,0.0,S1-07,a18d3cb935f4bfecee271aef01fa76ccbbcd3dcdde281613c9c85fed27cfeb15,OFF,8
810009,500,0.962,2,2,0.0,True,0.0,True,0.0,0.0,0.0,0.0,True,True,7116476.212230563,9044968863.32,388.47879802660646,0.0,S1-08,df02d8bdb02eaad5d040102be1b952d67f28556d77a5f2f9034b7520bbb80a63,OFF,2
810009,500,0.968,2,2,0.0,True,0.0,True,0.0,0.0,0.0,0.0,True,True,7105526.437476589,8344498311.79,409.9967695715796,0.0,S1-09,25d825efc4ab35fe1e8f79b49c4f34e7d9da53690921dd3fdb7aef692428c45e,OFF,2
810009,500,0.976,16,16,0.0,True,0.0,True,0.0,0.0,0.0,0.0,True,True,6746729.607811505,8134627364.78,381.7309819901901,0.0,S1-10,8f40fed8dfa17df7cd43c7c75460a77fd79256fd5af7897a41c10ccd0ec08352,OFF,16
810009,1000,0.904,2,2,0.0,True,0.0,True,0.0,0.0,0.0,0.0,True,True,6956370.943077291,7155341549.26,431.8547564168853,0.0,S1-01,980776db2467d81a3564740bdb4ad022c116dfc9796be8748e49de3684b57385,KNIFE,2
810009,1000,0.904,2,2,0.0,True,0.0,True,0.0,0.0,0.0,0.0,True,True,6685355.970188547,7088706227.360001,432.144653059365,0.0,S1-02,e076076a493c9a9fecd89aa712afd11fa9cc3cdce2ce014987b0f0fe862c247d,KNIFE,2
810009,1000,0.904,2,2,0.0,True,0.0,True,0.0,0.0,0.0,0.0,True,True,6858379.409813842,7887089349.070001,394.2440894957438,0.0,S1-03,e8942358d76782a9b97983734bb2cf2d4925edde76bf34b013857987a6d07591,KNIFE,2
810009,1000,0.93,17,17,0.0,True,0.0,True,0.0,0.0,0.0,0.0,True,True,6887860.137102827,8345740271.040001,389.14944616575406,0.0,S1-04,2fbdff2cf85833d2f25518e9e46cdb4092302467d94deae2a413a8ff7b39e0ea,OFF,17
810009,1000,0.904,2,2,0.0,True,0.0,True,0.0,0.0,0.0,0.0,True,True,6922510.926052591,8013513563.38,392.21902910501666,0.0,S1-05,0b60f5ac3979e3d6c31937743b10148e837da4158c31b88b904216b3dc1384a2,KNIFE,2
810009,1000,0.904,2,2,0.0,True,0.0,True,0.0,0.0,0.0,0.0,True,True,6824926.456555171,8096246576.780001,392.21902910501666,0.0,S1-06,48d52933dafc91da0fbdf6d1998d6a15c7958c4a5263e9422d67d354ce765a01,KNIFE,2
810009,1000,0.92,8,8,0.0,True,0.0,True,0.0,0.0,0.0,0.0,True,True,7066566.450627844,8219219881.48,464.46929047358,0.0,S1-07,a18d3cb935f4bfecee271aef01fa76ccbbcd3dcdde281613c9c85fed27cfeb15,OFF,8
810009,1000,0.96,2,2,0.0,True,0.0,True,0.0,0.0,0.0,0.0,True,True,7117367.46470891,9044968863.32,388.47879802660646,0.0,S1-08,df02d8bdb02eaad5d040102be1b952d67f28556d77a5f2f9034b7520bbb80a63,OFF,2
810009,1000,0.967,2,2,0.0,True,0.0,True,0.0,0.0,0.0,0.0,True,True,7105869.712293538,8344498311.79,410.29264329213623,0.0,S1-09,25d825efc4ab35fe1e8f79b49c4f34e7d9da53690921dd3fdb7aef692428c45e,OFF,2
810009,1000,0.977,16,16,0.0,True,0.0,True,0.0,0.0,0.0,0.0,True,True,6746555.185262951,8134627364.78,384.2918434705858,0.0,S1-10,8f40fed8dfa17df7cd43c7c75460a77fd79256fd5af7897a41c10ccd0ec08352,OFF,16
810010,200,0.9,17,17,0.0,True,0.0,True,0.0,0.0,0.0,0.0,True,True,6965626.840001942,7155341549.26,431.7134391115223,0.0,S1-01,980776db2467d81a3564740bdb4ad022c116dfc9796be8748e49de3684b57385,KNIFE,17
810010,200,0.9,17,17,0.0,True,0.0,True,0.0,0.0,0.0,0.0,True,True,6736962.671272296,7088706227.360001,441.3536018384488,0.0,S1-02,e076076a493c9a9fecd89aa712afd11fa9cc3cdce2ce014987b0f0fe862c247d,KNIFE,17
810010,200,0.91,17,17,0.0,True,0.0,True,0.0,0.0,0.0,0.0,True,True,6882739.765798438,7887089349.070001,394.3876087950995,0.0,S1-03,e8942358d76782a9b97983734bb2cf2d4925edde76bf34b013857987a6d07591,KNIFE,17
810010,200,0.91,17,17,0.0,True,0.0,True,0.0,0.0,0.0,0.0,True,True,6900883.430832746,8345740271.040001,391.0445903147869,0.0,S1-04,2fbdff2cf85833d2f25518e9e46cdb4092302467d94deae2a413a8ff7b39e0ea,OFF,17
810010,200,0.915,2,2,0.0,True,0.0,True,0.0,0.0,0.0,0.0,True,True,6936116.072261966,8013513563.38,393.64208494705065,0.0,S1-05,0b60f5ac3979e3d6c31937743b10148e837da4158c31b88b904216b3dc1384a2,KNIFE,2
810010,200,0.915,2,2,0.0,True,0.0,True,0.0,0.0,0.0,0.0,True,True,6841931.096752071,8096246576.780001,393.64208494705065,0.0,S1-06,48d52933dafc91da0fbdf6d1998d6a15c7958c4a5263e9422d67d354ce765a01,KNIFE,2
810010,200,0.92,8,8,0.0,True,0.0,True,0.0,0.0,0.0,0.0,True,True,7138243.647531187,8219219881.48,466.5892822803715,0.0,S1-07,a18d3cb935f4bfecee271aef01fa76ccbbcd3dcdde281613c9c85fed27cfeb15,OFF,8
810010,200,0.97,2,"2,5,17",0.0,True,0.0,True,0.0,0.0,0.0,0.0,True,True,7117535.378343061,9044968863.32,387.1707510367335,0.0,S1-08,df02d8bdb02eaad5d040102be1b952d67f28556d77a5f2f9034b7520bbb80a63,OFF,2|5|17
810010,200,0.97,5,"5,17",0.0,True,0.0,True,0.0,0.0,0.0,0.0,True,True,7104663.653533865,8344498311.79,411.02426761570547,0.0,S1-09,25d825efc4ab35fe1e8f79b49c4f34e7d9da53690921dd3fdb7aef692428c45e,OFF,5|17
810010,200,0.98,16,"16,20",0.0,True,0.0,True,0.0,0.0,0.0,0.0,True,True,6746162.058002307,8134627364.78,378.49837845295167,0.0,S1-10,8f40fed8dfa17df7cd43c7c75460a77fd79256fd5af7897a41c10ccd0ec08352,OFF,16|20
810010,500,0.896,17,17,0.0040000000000000036,False,3.197459092955455,False,0.0,0.0,0.0,0.0,True,False,7067078.199770332,7155341549.26,432.20334920104364,3201459092.9554553,S1-01,980776db2467d81a3564740bdb4ad022c116dfc9796be8748e49de3684b57385,KNIFE,17
810010,500,0.896,17,17,0.0040000000000000036,False,0.0,True,0.0,0.0,0.0,0.0,True,False,6709230.142696861,7088706227.360001,448.44636200654776,4000000.0000000037,S1-02,e076076a493c9a9fecd89aa712afd11fa9cc3cdce2ce014987b0f0fe862c247d,KNIFE,17
810010,500,0.908,2,2,0.0,True,0.0,True,0.0,0.0,0.0,0.0,True,True,6880414.142723988,7887089349.070001,393.04778254622795,0.0,S1-03,e8942358d76782a9b97983734bb2cf2d4925edde76bf34b013857987a6d07591,KNIFE,2
810010,500,0.912,17,17,0.0,True,0.0,True,0.0,0.0,0.0,0.0,True,True,6893213.211750541,8345740271.040001,389.92001412186715,0.0,S1-04,2fbdff2cf85833d2f25518e9e46cdb4092302467d94deae2a413a8ff7b39e0ea,OFF,17
810010,500,0.908,2,2,0.0,True,0.0,True,0.0,0.0,0.0,0.0,True,True,6912443.350801357,8013513563.38,392.398985287024,0.0,S1-05,0b60f5ac3979e3d6c31937743b10148e837da4158c31b88b904216b3dc1384a2,KNIFE,2
810010,500,0.908,2,2,0.0,True,0.0,True,0.0,0.0,0.0,0.0,True,True,6817371.945133002,8096246576.780001,392.398985287024,0.0,S1-06,48d52933dafc91da0fbdf6d1998d6a15c7958c4a5263e9422d67d354ce765a01,KNIFE,2
810010,500,0.922,8,8,0.0,True,0.0,True,0.0,0.0,0.0,0.0,True,True,7074119.484322287,8219219881.48,466.0562710014503,0.0,S1-07,a18d3cb935f4bfecee271aef01fa76ccbbcd3dcdde281613c9c85fed27cfeb15,OFF,8
810010,500,0.952,2,2,0.0,True,0.0,True,0.0,0.0,0.0,0.0,True,True,7118546.043925782,9044968863.32,387.1676892698848,0.0,S1-08,df02d8bdb02eaad5d040102be1b952d67f28556d77a5f2f9034b7520bbb80a63,OFF,2
810010,500,0.96,2,2,0.0,True,0.0,True,0.0,0.0,0.0,0.0,True,True,7105140.786993504,8344498311.79,410.3288193898499,0.0,S1-09,25d825efc4ab35fe1e8f79b49c4f34e7d9da53690921dd3fdb7aef692428c45e,OFF,2
810010,500,0.964,16,16,0.0,True,0.0,True,0.0,0.0,0.0,0.0,True,True,6747817.580964057,8134627364.78,380.5203739479827,0.0,S1-10,8f40fed8dfa17df7cd43c7c75460a77fd79256fd5af7897a41c10ccd0ec08352,OFF,16
810010,1000,0.901,17,17,0.0,True,3.197459092955455,False,0.0,0.0,0.0,0.0,True,False,6999253.69127023,7155341549.26,432.09176226300224,3197459092.9554553,S1-01,980776db2467d81a3564740bdb4ad022c116dfc9796be8748e49de3684b57385,KNIFE,17
810010,1000,0.901,17,17,0.0,True,0.0,True,0.0,0.0,0.0,0.0,True,True,6665247.518568702,7088706227.360001,441.42449920094356,0.0,S1-02,e076076a493c9a9fecd89aa712afd11fa9cc3cdce2ce014987b0f0fe862c247d,KNIFE,17
810010,1000,0.908,2,2,0.0,True,0.0,True,0.0,0.0,0.0,0.0,True,True,6841254.740033563,7887089349.070001,393.0054867215316,0.0,S1-03,e8942358d76782a9b97983734bb2cf2d4925edde76bf34b013857987a6d07591,KNIFE,2
810010,1000,0.915,17,17,0.0,True,0.0,True,0.0,0.0,0.0,0.0,True,True,6899429.3530578725,8345740271.040001,390.9174472720151,0.0,S1-04,2fbdff2cf85833d2f25518e9e46cdb4092302467d94deae2a413a8ff7b39e0ea,OFF,17
810010,1000,0.908,2,2,0.0,True,0.0,True,0.0,0.0,0.0,0.0,True,True,6904051.714874392,8013513563.38,390.36582802750297,0.0,S1-05,0b60f5ac3979e3d6c31937743b10148e837da4158c31b88b904216b3dc1384a2,KNIFE,2
810010,1000,0.908,2,2,0.0,True,0.0,True,0.0,0.0,0.0,0.0,True,True,6806216.374133358,8096246576.780001,390.36582802750297,0.0,S1-06,48d52933dafc91da0fbdf6d1998d6a15c7958c4a5263e9422d67d354ce765a01,KNIFE,2
810010,1000,0.928,8,8,0.0,True,0.0,True,0.0,0.0,0.0,0.0,True,True,7069019.921152753,8219219881.48,465.6114453819123,0.0,S1-07,a18d3cb935f4bfecee271aef01fa76ccbbcd3dcdde281613c9c85fed27cfeb15,OFF,8
810010,1000,0.948,2,2,0.0,True,0.0,True,0.0,0.0,0.0,0.0,True,True,7118461.448702383,9044968863.32,387.3496951398429,0.0,S1-08,df02d8bdb02eaad5d040102be1b952d67f28556d77a5f2f9034b7520bbb80a63,OFF,2
810010,1000,0.956,2,2,0.0,True,0.0,True,0.0,0.0,0.0,0.0,True,True,7105261.649366646,8344498311.79,410.24811308845847,0.0,S1-09,25d825efc4ab35fe1e8f79b49c4f34e7d9da53690921dd3fdb7aef692428c45e,OFF,2
810010,1000,0.963,16,16,0.0,True,0.0,True,0.0,0.0,0.0,0.0,True,True,6747172.140270398,8134627364.78,380.9648621091908,0.0,S1-10,8f40fed8dfa17df7cd43c7c75460a77fd79256fd5af7897a41c10ccd0ec08352,OFF,16
