seed,S,objective,solution_count,js_distance_mean,js_distance_median,js_distance_p25,js_distance_p75,js_distance_p90,js_distance_max,wasserstein_normalized_mean,wasserstein_normalized_median,wasserstein_normalized_p25,wasserstein_normalized_p75,wasserstein_normalized_p90,wasserstein_normalized_max,ks_statistic_mean,ks_statistic_median,ks_statistic_p25,ks_statistic_p75,ks_statistic_p90,ks_statistic_max,kl_sample_to_oos_mean,kl_sample_to_oos_median,kl_sample_to_oos_p25,kl_sample_to_oos_p75,kl_sample_to_oos_p90,kl_sample_to_oos_max,kl_oos_to_sample_mean,kl_oos_to_sample_median,kl_oos_to_sample_p25,kl_oos_to_sample_p75,kl_oos_to_sample_p90,kl_oos_to_sample_max,symmetric_kl_mean,symmetric_kl_median,symmetric_kl_p25,symmetric_kl_p75,symmetric_kl_p90,symmetric_kl_max,absolute_coverage_gap_pp_mean,absolute_coverage_gap_pp_median,absolute_coverage_gap_pp_p25,absolute_coverage_gap_pp_p75,absolute_coverage_gap_pp_p90,absolute_coverage_gap_pp_max,coverage_mean,coverage_median,coverage_p25,coverage_p75,coverage_p90,coverage_max
940001,30,cost,263,0.24614697481361197,0.24469974434630223,0.2328126859148678,0.261428685569417,0.2686149027849871,0.29360459661288785,0.16759428375810878,0.16406969913630848,0.1521703518353021,0.18909139534594094,0.19479275449929787,0.20259635899497888,0.158212927756654,0.1600666666666667,0.1451,0.172,0.18624,0.21073333333333336,0.3259923594735708,0.33092549239445923,0.28899600894703203,0.35507146921604626,0.37298280329280203,0.43240410605097734,0.24038390713325847,0.23495557336899808,0.20517899477206558,0.27640697817022025,0.3124182650301857,0.3865320230013403,0.2831881333034147,0.280808265524808,0.24902975405736133,0.3193516355090521,0.3379811945774596,0.3997681506613423,7.227224334600763,6.979999999999997,3.400000000000003,10.89,12.172000000000002,15.080000000000005,0.8376593155893536,0.8302,0.7911,0.8774,0.9274,0.9474
940001,30,emission,263,0.25860448583547724,0.2580697880227874,0.23817351987984037,0.27619091126679673,0.29472979439123215,0.3291091675102578,0.24409698493236315,0.24244595958918,0.2196045734627194,0.2639210463203743,0.27845112695901364,0.2987926368116011,0.22070519645120407,0.22053333333333336,0.20786666666666667,0.23303333333333334,0.24996000000000002,0.27380000000000004,0.31393645089192873,0.31296772081214425,0.27316994226581204,0.3533731318485098,0.3936331349557183,0.4893397028117016,0.28448084053473366,0.28379083169201624,0.23269490657629271,0.33040046031394843,0.37021775624065495,0.4767992621573958,0.2992086457133311,0.2951454298423477,0.24964282495595774,0.33975813139314887,0.38323182165493297,0.47694544637986935,0.7555893536121666,0.7199999999999984,0.30000000000000027,1.1599999999999944,1.5000000000000013,2.179999999999993,0.9034722433460076,0.9038,0.8978,0.9105,0.91452,0.9218
940001,30,makespan,263,0.22012050172028283,0.21824090278742156,0.20587508771330654,0.23490575682649997,0.24701641905269653,0.2778454292057481,0.12197412791239283,0.1200683392631234,0.10699597772484117,0.1335886690061539,0.1497388004136273,0.2040603100829082,0.10929277566539924,0.10399999999999998,0.09113333333333329,0.124,0.13358666666666671,0.21266666666666673,0.28558823744431927,0.27461716233812916,0.24324121997569892,0.3281938458810426,0.34974529772380736,0.4359936236976816,0.18104544504319475,0.17268263212088455,0.15611735837891952,0.20318853604970766,0.23088755600911334,0.31858788500012863,0.23331684124375704,0.22876761122346156,0.20004130072695003,0.2677862491008332,0.29167606779445127,0.37281998773489466,4.944182509505703,4.320000000000002,3.4800000000000053,5.559999999999999,9.748000000000003,12.080000000000002,0.8797338403041826,0.8656,0.8446,0.9395,0.9448,0.9556
940001,100,cost,263,0.16168541698927547,0.1605648994083848,0.15275401989030354,0.17151903259239412,0.1794802663842674,0.20668748228949038,0.09412376565207099,0.09261343461925667,0.08683133741364786,0.10011279593179451,0.10761311446317877,0.12772287415481612,0.08056806083650189,0.0806,0.07050000000000001,0.09060000000000001,0.09799999999999998,0.11399999999999999,0.12850469748691995,0.12609794119361228,0.1188737045405645,0.13867006974229873,0.15040013130940263,0.18365891782714164,0.1021008786590399,0.09710087540541247,0.08606525198534655,0.11692689462894817,0.13319844860892607,0.17850652452198654,0.11530278807297992,0.11286804427871089,0.10331768014010753,0.12863095627673182,0.13922578325246923,0.1810827211745641,3.1581749049429675,2.660000000000007,1.6100000000000003,4.490000000000005,6.048000000000001,11.020000000000007,0.8750768060836501,0.8756,0.8551,0.8905,0.9165599999999999,0.9298
940001,100,emission,263,0.16384276633476827,0.16359815756415147,0.15490538080648886,0.1733085148589466,0.1823378554368207,0.20939482408487917,0.10622575285407387,0.10621307080848807,0.099758118404114,0.11321932563910286,0.11752294027447396,0.12402037269447538,0.08547300380228137,0.08560000000000001,0.07719999999999994,0.09190000000000001,0.09672,0.126,0.11611197798916985,0.11634302061290978,0.1035588386994453,0.12890117872212317,0.1409413987355398,0.17442736336356607,0.10995205983663829,0.10890975941905529,0.09530915130166887,0.12247131435351992,0.13917267803216862,0.1965057751096187,0.11303201891290407,0.11162455042517093,0.10008520832512444,0.12524561854053584,0.13991984012957148,0.1844301573260287,1.7368821292775642,1.759999999999995,1.3599999999999945,2.179999999999993,2.4559999999999964,3.3200000000000007,0.9173079847908746,0.9176,0.9136,0.9218,0.9245599999999999,0.9332
940001,100,makespan,263,0.14669465535796072,0.14458279881168812,0.136783191970695,0.15580417970638707,0.16445429323921684,0.18584159502868489,0.07809376522511705,0.07266835407328281,0.06512243362158585,0.08994264827616996,0.1097170083036836,0.123936900119077,0.07223574144486691,0.07060000000000005,0.059899999999999995,0.08230000000000001,0.09844000000000003,0.11780000000000002,0.10688187310235278,0.1037815887522677,0.08987706383420124,0.11969372715722049,0.1341581176262018,0.18093491759830369,0.08204324548705368,0.07837136044665745,0.07121266212277907,0.09224698003462983,0.10294160328900431,0.12771989834093028,0.09446255929470321,0.0906270054691439,0.08113384797903248,0.10639451769201236,0.12070278601792463,0.15432740796961697,2.603193916349811,2.739999999999998,1.26,3.4399999999999986,4.880000000000006,5.680000000000007,0.8838692015209126,0.873,0.8667,0.9036,0.9186,0.948
940001,300,cost,263,0.09510599557862148,0.0931407297583713,0.08750288848676462,0.10198668779613662,0.1104975299085947,0.13233159760082747,0.054605522815032635,0.05535305200186707,0.051774163411378256,0.058549631966584824,0.06095874075841467,0.06674593949867573,0.03884207858048162,0.037800000000000056,0.03449999999999999,0.042833333333333334,0.04697333333333329,0.05453333333333332,0.04284040565792177,0.040898245613469046,0.0355524396577037,0.04868313787083838,0.057959535967223856,0.0795485316007385,0.035065604364409496,0.032816654001755395,0.028516843629477887,0.03974632823030398,0.04730469018716793,0.07652000429960905,0.03895300501116564,0.037125687161543415,0.03223190316043751,0.04395809089900301,0.05272785382791582,0.07803426795017378,1.0144486692015213,0.8199999999999985,0.4400000000000015,1.31,2.231999999999999,3.060000000000007,0.8998220532319391,0.8976,0.892,0.9088,0.91828,0.9298
940001,300,emission,263,0.0921364728371816,0.09155696304826401,0.08698430283661787,0.09691608298786099,0.10188072252052671,0.11698325788282957,0.08628837250163597,0.08698773501733145,0.08312518777845554,0.09039614266397952,0.09227392736627459,0.09656288429243927,0.07377287705956907,0.07346666666666668,0.0661,0.0804666666666667,0.08678666666666665,0.09873333333333334,0.03644140723662099,0.036070902890507045,0.03247891887818475,0.039628951701519546,0.044236651712014526,0.05476670392233169,0.03372098039017703,0.032852914400934435,0.02934546222048435,0.03756898954341459,0.041282423895419605,0.062383418088433035,0.035081193813399004,0.03445218358725078,0.03109475157257577,0.03867862818629682,0.042391384696592586,0.05545135086270943,0.8758935361216754,0.9000000000000008,0.48000000000000265,1.2600000000000056,1.4399999999999968,1.9000000000000017,0.8913414448669201,0.891,0.8874,0.8952,0.8978,0.906
940001,300,makespan,263,0.08059399141248472,0.08104254264731177,0.07491463800749704,0.08833460809621071,0.0933323525395821,0.10411165767191262,0.04625010215193419,0.04641055457832124,0.03623599511785035,0.05735120683059053,0.06102913687974783,0.07815396131259936,0.042798479087452476,0.04000000000000001,0.03403333333333336,0.05160000000000001,0.05820000000000003,0.06626666666666664,0.03182736869175938,0.03213161078259291,0.02657737914909416,0.037219709364923234,0.043216975676933285,0.05506869595978051,0.024726550931594708,0.023825970604138057,0.020831193047433843,0.028761138644931475,0.033825210354403945,0.04036063098766192,0.02827695981167704,0.028219520382837378,0.023773889348565093,0.03320541579978581,0.038040566332700435,0.047230754431459916,0.8318631178707221,0.7399999999999962,0.49000000000000155,1.1199999999999988,1.639999999999997,2.2399999999999975,0.9036433460076047,0.9058,0.8968,0.9088,0.9164,0.9224
940002,30,cost,263,0.21998324631753052,0.2140535046654219,0.20167329493156633,0.23374373965082804,0.2609478709821566,0.289736086788813,0.22043905715855247,0.21806359046377488,0.2026088154788908,0.23755523171548648,0.25977266042039876,0.2922740377518577,0.20985044359949306,0.21680000000000005,0.18386666666666665,0.2308,0.24494666666666667,0.2754666666666667,0.2566428662888199,0.24632458361829537,0.2260354974590797,0.2840470782807508,0.3327797137185204,0.4056629261542587,0.19220060950096332,0.17485693731453308,0.1493223023545974,0.21521607760013922,0.28658957686932374,0.36246230080488095,0.22442173789489162,0.21165117804515288,0.18653279200042544,0.24638179619503595,0.3081007746381547,0.3840626134795698,1.731482889733841,1.0399999999999965,0.47000000000000375,2.2500000000000018,5.055999999999998,6.900000000000006,0.8881984790874525,0.8946,0.8781,0.9036,0.9104,0.923
940002,30,emission,263,0.23381403341361157,0.23179717050581194,0.22342894497929547,0.2431061065709303,0.2529375021476474,0.2774115368867779,0.17198842963552594,0.17557060165012495,0.15918307908265605,0.1838333460467001,0.1901907088620179,0.20581336879210094,0.1371062103929024,0.1358666666666667,0.12206666666666667,0.15119999999999997,0.16362666666666664,0.18566666666666667,0.31009801657883734,0.30766852988006804,0.2890343499977015,0.3307327671944156,0.3482735792083279,0.39930639479553676,0.20534426583304993,0.19686606725596825,0.17977117381820826,0.224014362525349,0.2528871987818953,0.3431022005778532,0.2577211412059437,0.2506423702944508,0.2354398443625457,0.27509626187190145,0.3029172072694512,0.3613025735544396,3.126539923954375,2.860000000000007,1.930000000000004,3.959999999999997,5.924000000000001,8.100000000000007,0.868748288973384,0.8714,0.8604,0.8807,0.8894,0.9018
940002,30,makespan,263,0.2084464607451098,0.20950503494084377,0.19553852902228597,0.2220278354840186,0.2307303816863653,0.27392213824310574,0.1148401821150315,0.11039721303265013,0.09080770994066668,0.1392948654097006,0.15369636318293758,0.18709779652354414,0.11526438529784538,0.10526666666666668,0.09593333333333334,0.14270000000000002,0.14760000000000006,0.19973333333333332,0.25774529762622667,0.26196101658975113,0.23409651299771123,0.2924719062426947,0.3038367815374621,0.3655155901101718,0.16195730624930604,0.15881746239573538,0.1338550741306038,0.19049369083749343,0.20639045832732092,0.32599594969568985,0.20985130193776638,0.21716346719476576,0.18378075864209226,0.2338509891135269,0.2520663525613377,0.343657981918923,3.29939163498099,3.839999999999999,1.739999999999997,4.34,5.252,7.6200000000000045,0.8736798479087452,0.8616,0.8566,0.9022,0.91688,0.923
940002,100,cost,263,0.1489297571676487,0.14864016113208456,0.13834111952264472,0.1559079862966352,0.1659928372934764,0.19040939827402933,0.16533014072487276,0.16569343869280742,0.15976538484092606,0.1705726371254136,0.17656077974919268,0.1864451791079233,0.12693536121673005,0.12319999999999998,0.11519999999999997,0.13649999999999995,0.14844000000000002,0.1652,0.11161637931378456,0.11006567295422084,0.09926438689941641,0.12305756162008498,0.1339192806141671,0.15986929832375943,0.08504952246789044,0.08276572572148673,0.07055790588897765,0.09299493634166145,0.10980653515246121,0.15936425099069096,0.09833295089083749,0.09657070820723464,0.08481694930874606,0.1066983977426958,0.1220750657043918,0.15960880474695754,2.0837262357414432,2.200000000000002,1.319999999999999,2.9100000000000015,3.300000000000003,3.959999999999997,0.9202091254752852,0.922,0.913,0.9291,0.933,0.9396
940002,100,emission,263,0.14641304170750943,0.14489188998928168,0.134748185026353,0.15515309199092586,0.17054560596961135,0.20969539587709593,0.09493209542448727,0.09400602334048147,0.0860904397957194,0.10391624400042235,0.11183461134183997,0.12215418012327547,0.08164410646387832,0.07999999999999996,0.07329999999999999,0.08760000000000001,0.09935999999999999,0.12179999999999996,0.10085559804615454,0.09787399367513364,0.08523254578975077,0.11128123543536299,0.13050280422900223,0.18852737652631502,0.08712564741753187,0.08237440915344604,0.06845110659784229,0.0995412105772506,0.12632702366082157,0.1951764712326761,0.0939906227318432,0.08997864184631021,0.07748026794651097,0.1049086698077974,0.12574761219960442,0.19185192387949557,1.338935361216732,1.3000000000000012,0.8600000000000052,1.7800000000000038,2.256000000000005,3.280000000000005,0.8866958174904943,0.887,0.8822,0.8914,0.8954,0.9042
940002,100,makespan,263,0.15110178832614019,0.15146450273036882,0.1397835692639468,0.16176111765610995,0.1678395141333877,0.1795502793023094,0.11888622214095507,0.11786797620230705,0.10495760027443962,0.13319151420597108,0.14220718054295112,0.18831717254570005,0.09976349809885932,0.098,0.08600000000000001,0.11579999999999999,0.124,0.1448,0.11182522962973158,0.11184635539138678,0.09796452040774231,0.12594620610433674,0.1335491745279369,0.14534617357040475,0.09014686438855168,0.08824384526924924,0.0724159124914994,0.10560081424786424,0.11678969967332568,0.14072798758868857,0.10098604700914164,0.10409194857179122,0.08567913288790928,0.11492529367346366,0.12336325472577084,0.14227167505247373,2.10532319391635,1.760000000000006,1.3900000000000023,2.579999999999999,3.8999999999999924,5.2800000000000065,0.8959110266159696,0.8868,0.8824,0.9188,0.9324,0.9462
940002,300,cost,263,0.08444092459371759,0.08349005960820964,0.07870839531597987,0.0891844527326584,0.09521605502410486,0.11299744826681427,0.06765977100423771,0.0683873492550763,0.06383778053643865,0.07100250798792665,0.0737084562308977,0.08049514256642198,0.06891787072243345,0.06886666666666669,0.06463333333333338,0.07336666666666666,0.07666666666666665,0.08400000000000002,0.031043524736440897,0.030406139948819796,0.026652760275246563,0.03447129157552713,0.0391169964149149,0.051997967083380704,0.028761253955086743,0.027472075411283853,0.02401712731500718,0.03243909315371306,0.035909127838734595,0.055726677479995414,0.02990238934576382,0.02887847126609039,0.025496256910391465,0.03317123615984555,0.03772559543399818,0.05386232228168806,1.3322433460076066,1.3600000000000056,0.6700000000000039,1.880000000000004,2.3399999999999976,2.9200000000000004,0.8867581749049429,0.8864,0.8812,0.8933,0.89596,0.9042
940002,300,emission,263,0.09665361258035803,0.09641293774819468,0.09110694741905369,0.10214038854439622,0.10680226106911808,0.12256986673858415,0.06009781311544521,0.06069504379172972,0.05702265084501153,0.06352542645861378,0.06596393405227644,0.07115759456395804,0.0450915082382763,0.04493333333333335,0.04176666666666667,0.04813333333333332,0.05046666666666666,0.06193333333333334,0.040005872001889424,0.040063605495654825,0.03547215664897843,0.044458504123513154,0.048122111269204404,0.0626928269139917,0.03740329096144546,0.036879149448199575,0.03229721842859251,0.04142929457883347,0.0460208027711645,0.06156264695627941,0.038704581481667444,0.038422978816542525,0.03407629263904698,0.042996796062475154,0.04699995471548578,0.062127736935135555,1.3317870722433482,1.3399999999999967,0.9600000000000053,1.7000000000000015,2.0160000000000005,2.5600000000000067,0.8866821292775666,0.8866,0.883,0.8904,0.8938,0.8994
940002,300,makespan,263,0.10382206346675042,0.10521767534403656,0.10000140264629101,0.11100060586976544,0.11473871859185131,0.12341190026567511,0.0935867443076109,0.09656517101866176,0.08622583413628672,0.10257155342715801,0.10754066919639856,0.12293559283644018,0.06807122940430925,0.069,0.06559999999999999,0.07483333333333336,0.07830666666666661,0.09426666666666667,0.04978102693812168,0.04981805881594058,0.04542018433313178,0.05592918201769891,0.06091201565800553,0.0677265981711675,0.04155204219665647,0.04166890404811307,0.037479140628602026,0.048499595032610227,0.05044551741997424,0.06233932592802064,0.045666534567389075,0.046257044487819976,0.04189038566374534,0.051479564287523524,0.056330106708468025,0.06332694549863638,1.3893536121672994,1.1800000000000033,0.9000000000000008,1.9000000000000017,2.4679999999999955,4.34,0.9094174904942967,0.911,0.904,0.919,0.92468,0.9434
940003,30,cost,263,0.25292866090650984,0.2523190753933283,0.243662981281436,0.262326131037573,0.2723976130540474,0.3126333468150741,0.20551914752540837,0.20584648143549075,0.19428844298237008,0.2189462466499236,0.22905353134818737,0.2616771751630642,0.14944588086185043,0.14979999999999993,0.1403333333333333,0.15626666666666666,0.16449333333333332,0.20133333333333336,0.3550308082980908,0.35470878820603147,0.3249876199714709,0.38313699929659756,0.40364242546654344,0.5004331399213476,0.23933805042683118,0.23458897321504912,0.21630119462275582,0.26051639025813933,0.2901093830001575,0.482739642020348,0.297184429362461,0.2941406072461249,0.27346941852462847,0.3205999312055935,0.3424561751766156,0.4673046478562918,4.958250950570339,5.140000000000001,4.089999999999994,6.059999999999999,6.319999999999992,6.619999999999992,0.9495825095057033,0.9514,0.9409,0.9606,0.9632,0.9662
940003,30,emission,263,0.22233004632994094,0.222945578811097,0.2063990743828164,0.23508052600915122,0.24649913452654398,0.2700196328686081,0.1785453310292938,0.1803446026150933,0.17047515700203653,0.1893801866645204,0.19583728086318514,0.20722792297302514,0.14221875792141953,0.13979999999999992,0.13070000000000004,0.1511333333333334,0.16364,0.20146666666666668,0.27573731018225534,0.2739775802169752,0.2473373718552475,0.2997713897388381,0.3210250005244364,0.3730247366612717,0.18937983636736658,0.18385605779241196,0.15407568417409184,0.2149320814391495,0.24221138178481136,0.3897872583074432,0.23255857327481097,0.23255629849817827,0.19971233527743149,0.25726063250072645,0.2776350504512754,0.36837379324503505,1.7393916349809875,1.639999999999997,0.8700000000000041,2.539999999999998,3.059999999999996,4.899999999999993,0.9149087452471483,0.916,0.905,0.9253,0.9306,0.949
940003,30,makespan,263,0.2419650869474937,0.24093432435485373,0.22616998450333584,0.2576357633651895,0.2650424065069223,0.3078153022097175,0.14882232059562356,0.14937974709072518,0.126918512368236,0.16684572867290898,0.18934223734591077,0.20924474324413495,0.12788491761723703,0.12326666666666675,0.11246666666666671,0.14093333333333335,0.1612933333333334,0.2006,0.3339728501854354,0.32844306290492975,0.30541464318121886,0.3649403397001263,0.40396922678678904,0.4565964756964871,0.22504871293622955,0.2197068700001145,0.18547069098981356,0.2558908845289282,0.2869441321587924,0.42504914189520054,0.2795107815608324,0.27488513913731993,0.2451425197014496,0.31190774640685726,0.338987738762718,0.4408228087958438,1.2683650190114075,1.2600000000000056,0.31999999999999806,1.9799999999999984,2.839999999999998,4.320000000000002,0.9007216730038023,0.8996,0.89,0.9131,0.92372,0.9432
940003,100,cost,263,0.1321912103823918,0.12945697279334115,0.1231682836107342,0.14119591633726936,0.1533321645710027,0.18316110937283403,0.06598905687641245,0.0663092165329988,0.058397733880932154,0.07436023980159083,0.07939982775934973,0.09060484378372732,0.05884942965779468,0.05680000000000007,0.05259999999999998,0.06269999999999998,0.07,0.09660000000000002,0.0853479509008838,0.08355811791241438,0.07310116305576045,0.09517045259270404,0.10943158129091181,0.17199976238974443,0.06672547949803578,0.06270947868786199,0.055538433101295595,0.07637924287424447,0.09321199848314186,0.1270414434153369,0.07603671519945979,0.07324288580826174,0.06470380038715415,0.08530473258861049,0.10154262154056566,0.14952060290254066,2.8492015209125454,3.0200000000000005,2.279999999999993,3.4599999999999964,3.8599999999999968,4.699999999999993,0.9284920152091255,0.9302,0.9228,0.9346,0.9386,0.947
940003,100,emission,263,0.1382929080536652,0.13760815183400485,0.131147456003929,0.1446400289039513,0.15280081066338722,0.18733443341270192,0.119288959091297,0.11814410871400684,0.10930690417601185,0.12825395673870804,0.13955616122621017,0.160802710139142,0.09932547528517109,0.09960000000000002,0.08879999999999999,0.1084,0.11516000000000003,0.14140000000000003,0.08899960071198035,0.08774624138974373,0.07895851231517287,0.09587653954039706,0.10865891064394144,0.14670629374055688,0.07540232061554719,0.07338817025053623,0.06587541505582409,0.08330482364827918,0.09317901048697219,0.1589721353818601,0.08220096066376376,0.08036443141866438,0.07300220155411982,0.08932556887381207,0.10020882098207282,0.1528392145612085,3.193992395437264,3.2200000000000006,2.660000000000007,3.6600000000000077,4.100000000000003,4.800000000000004,0.8680600760456274,0.8678,0.8634,0.8734,0.8774,0.8872
940003,100,makespan,263,0.13617872568345582,0.1349024770029759,0.12332075268980527,0.14595177405400228,0.16296027046808717,0.16971074095405622,0.07127303206770899,0.07060669475027696,0.06345789212442182,0.07818885174669955,0.08909697818147834,0.10656858402897268,0.067706463878327,0.06819999999999998,0.06170000000000001,0.07429999999999998,0.08072000000000001,0.0882,0.09728981253013914,0.09523351636848491,0.08473980138337853,0.10799603905936064,0.12592339792076476,0.1381041328235261,0.07355115185028009,0.06939714562157576,0.055788412572134224,0.08337763953572634,0.11317865543571388,0.13981284733212648,0.08542048219020962,0.08272692273046758,0.06899617888605752,0.09455363156177608,0.11973289687606503,0.13396579348366394,0.9019771863117871,0.7800000000000029,0.26000000000000467,1.469999999999999,2.043999999999998,4.6599999999999975,0.9002365019011407,0.9,0.8941,0.9082,0.9156,0.9278
940003,300,cost,263,0.09386761234442748,0.0931670505829392,0.0875679529092818,0.09965034337326416,0.10643077618576113,0.12351249146268287,0.07429528154946817,0.07373269590979938,0.06891839986278958,0.08048412054796147,0.0832320136727845,0.0890275162555921,0.049936375158428394,0.04946666666666666,0.04673333333333335,0.05263333333333331,0.057253333333333344,0.0662666666666667,0.04412821220617601,0.04317485005295425,0.03705451295631541,0.049130132626923076,0.0564297895295906,0.08185981324027349,0.03315459530155586,0.032265559754425015,0.02774292856196133,0.03709345982758969,0.04229016843547091,0.05821012704810623,0.038641403753865926,0.03755243898416349,0.03295977702962079,0.043187182349925975,0.04971557103040519,0.07003497014418986,3.133307984790873,3.2200000000000006,2.7799999999999936,3.4599999999999964,3.732,4.420000000000002,0.9313330798479087,0.9322,0.9278,0.9346,0.93732,0.9442
940003,300,emission,263,0.08273379981889514,0.08237710481769937,0.07626377754553813,0.08888740829396158,0.09530006745937741,0.10807008229057816,0.06067876534085822,0.061255046050735604,0.057330799178647,0.06385901892948745,0.06673965253662735,0.07172400156489303,0.050502154626109,0.05066666666666664,0.04693333333333333,0.054266666666666685,0.05731999999999993,0.06559999999999999,0.03064350230021105,0.030331844743657542,0.025859205281238314,0.035005490873570855,0.040192155411110646,0.05032120651953869,0.02719308534090217,0.026570938963243713,0.022689117620138165,0.03131577971544747,0.036240617598108774,0.04741935252658588,0.028918293820556606,0.028396240946920507,0.02411542226590535,0.03309650786142694,0.038205119156975414,0.048870279523062284,1.394144486692013,1.4000000000000012,1.100000000000001,1.639999999999997,1.9399999999999973,2.639999999999998,0.9139414448669201,0.914,0.911,0.9164,0.9194,0.9264
940003,300,makespan,263,0.09242349450212596,0.09261594185669611,0.08554314941047346,0.10169567954230771,0.10465324380887568,0.10945106239489309,0.0523315499783502,0.05383030670297354,0.04696827376904576,0.058429979217173175,0.061232541135179765,0.06821976706168864,0.034075285171102664,0.03366666666666662,0.028133333333333344,0.03843333333333329,0.04600000000000004,0.056333333333333346,0.04694579009042519,0.04791034226441862,0.03999923477558724,0.05615667544259288,0.05881830513701592,0.07046622140344372,0.03132080751300665,0.03010561355831612,0.02569431377706366,0.03787925686584895,0.04078782245363419,0.04841347032945453,0.03913329880171591,0.039414882359954884,0.03289998217324917,0.04695278882401556,0.04933746507336418,0.05550910077026404,0.9447148288973375,0.9199999999999986,0.5000000000000004,1.319999999999999,1.8359999999999979,2.32,0.908815969581749,0.9092,0.9046000000000001,0.9132,0.91836,0.9232
940004,30,cost,263,0.2398380945719807,0.23675839328640175,0.22699655644536512,0.24963507566616933,0.26866865963788533,0.32758768484693035,0.14491431444250738,0.14299231915164784,0.1323161561920374,0.1573219523071831,0.16758802014428603,0.18674697640813165,0.10636704689480354,0.10473333333333334,0.09253333333333329,0.11783333333333335,0.1287466666666667,0.15859999999999996,0.33014118362211753,0.3246359847568454,0.30711505263662875,0.34905639591104576,0.3782706218646889,0.4990128748318572,0.22242546486508086,0.21083805724578122,0.1825300409657093,0.24609650231799207,0.29919765195628895,0.5513579203377212,0.2762833242435992,0.26789622743584285,0.24946312972971318,0.29432057149169943,0.3374421919310925,0.5251853975847892,1.8904942965779474,1.5199999999999991,0.6399999999999961,2.9200000000000004,4.280000000000006,5.640000000000001,0.8941566539923955,0.8988,0.8791,0.9124,0.92132,0.935
940004,30,emission,263,0.20714525009987422,0.20683245967661185,0.1965949058445567,0.21631169932507646,0.22811499016199466,0.25169325689433714,0.16231177274334477,0.1622799026682142,0.15449034800598138,0.170498426278625,0.17604383587305358,0.19723008872623027,0.16633333333333333,0.16560000000000008,0.15479999999999997,0.1753,0.18767999999999996,0.22293333333333332,0.20040675042165082,0.20060062957187585,0.18254985305981036,0.21901631395759946,0.23166015761217354,0.28674600735737327,0.18117924283599346,0.17747028650155652,0.15788052918757792,0.20104548868863653,0.22589422985479923,0.2751950440479788,0.19079299662882213,0.19030517538993602,0.1704876377063123,0.20673683077084987,0.22887230648586931,0.2780420851652563,1.4630418250950588,1.200000000000001,0.5800000000000027,2.2500000000000018,3.112000000000002,5.959999999999999,0.8873619771863118,0.889,0.8776,0.8971,0.90388,0.9238
940004,30,makespan,263,0.2584808743817214,0.25476170449532715,0.2462002989919595,0.2704609921966007,0.28980001052082005,0.3275176068567094,0.15766173924367224,0.15604638456208267,0.14862562426151454,0.16945431210947481,0.1911023833039472,0.23687796557439464,0.15288035487959445,0.14560000000000006,0.13166666666666665,0.16793333333333338,0.20876000000000014,0.22106666666666663,0.35920457848938764,0.3596020874920069,0.3368039760248147,0.38869302021226215,0.4152887407968352,0.521639060118474,0.27468417825705116,0.2505400597524741,0.23209272442992832,0.31858986607824946,0.3746132127973756,0.4861485888494614,0.31694437837321937,0.3077963738952194,0.2804815280455617,0.3507728549471477,0.3926476810491085,0.4980936321703173,1.4887452471482896,1.200000000000001,0.7900000000000018,1.8600000000000005,2.9200000000000004,7.140000000000002,0.8962517110266159,0.8956,0.8858,0.9118,0.92064,0.932
940004,100,cost,263,0.155843287073268,0.15603854146294005,0.14336407272715557,0.16865576029149393,0.1780769360675142,0.2055832956343931,0.09397311026647791,0.09283645413426161,0.08609100798609934,0.10281974791327105,0.10694060200146009,0.12123816636229195,0.09825323193916351,0.09740000000000004,0.08540000000000003,0.10980000000000006,0.12504,0.1472,0.11021451011225997,0.10959420948837045,0.09334588328423543,0.12583013269392784,0.1388205307020416,0.1656053580356615,0.1022299174425963,0.0983105512238999,0.08191754495072387,0.12061752824296869,0.13877624944982647,0.261403246828708,0.10622221377742815,0.10430771087733781,0.08732540422775072,0.12290481794220387,0.1373538653188323,0.2105837737119029,1.2298098859315603,1.100000000000001,0.6000000000000005,1.5900000000000025,2.6800000000000046,3.4600000000000075,0.8943528517110266,0.894,0.8855,0.9056,0.91216,0.9256
940004,100,emission,263,0.1262609495951233,0.12461576356947622,0.11685506509615708,0.13442384487549064,0.14684936823507305,0.17235606485963845,0.10726718930281186,0.10675620109100022,0.10215824527290002,0.11273282503343587,0.11696015663926465,0.12382836003915411,0.10126768060836504,0.10120000000000007,0.0948,0.10700000000000001,0.11172000000000003,0.12140000000000006,0.0673878218447128,0.06561752414974664,0.05694318757806383,0.07477637000615843,0.08728376420975598,0.11281890533059159,0.06894020773922245,0.06466800972100424,0.05539427963801105,0.07673972026401618,0.0964270670464277,0.17524007010196466,0.06816401479196763,0.06543060116563623,0.0565537953354332,0.07593431998914335,0.09155414927777271,0.14315143164745953,1.8332319391635001,1.7800000000000038,1.3299999999999979,2.3800000000000043,2.7800000000000047,5.000000000000004,0.8817619771863118,0.8822,0.8762,0.8867,0.8914,0.9052
940004,100,makespan,263,0.1314249444006388,0.13017434913293238,0.11579044841493313,0.14496991877012386,0.1549155812250099,0.17545114126973532,0.06495297554834416,0.06225504020487601,0.052417183160513435,0.07138142400521666,0.08198178061957727,0.15600773213842684,0.0645300380228137,0.06320000000000003,0.05629999999999999,0.07099999999999998,0.07872,0.1008,0.08633103956670775,0.08484321909942197,0.07102670896942065,0.09857402083164625,0.1140748923042134,0.14911176839091717,0.0677319316546767,0.06481084470694178,0.050045110054213554,0.08293479423994954,0.09559208537437147,0.1317257378620098,0.0770314856106922,0.07437451175831633,0.060507086233460856,0.09127094605787167,0.10556931583294289,0.13670966686083813,0.7710266159695823,0.7600000000000051,0.21999999999999797,1.1800000000000033,1.419999999999999,3.639999999999999,0.8984722433460075,0.8986,0.8912,0.9046,0.91232,0.9224
940004,300,cost,263,0.07635419099568891,0.07651179836157171,0.06993996667747884,0.084007065329252,0.09204587141038989,0.10868908802538482,0.059173246881077946,0.06111865788962627,0.05400654371934266,0.06632294871125591,0.07118254993821184,0.08428419511162082,0.056644106463878324,0.0580666666666666,0.05136666666666667,0.06476666666666664,0.06798666666666664,0.07740000000000002,0.025402508652869634,0.024988099958343987,0.02103663850113174,0.030077155444943493,0.03484096648873136,0.0464752785122307,0.023753711425912254,0.02295284503969477,0.018999712443911326,0.0279984749089668,0.03415848722425813,0.054083622055095815,0.024578110039390942,0.024039765057179203,0.019974042680728825,0.02907555483867743,0.03490331156802528,0.049399269171779815,0.946007604562739,0.8199999999999985,0.40999999999999925,1.2700000000000045,2.092000000000003,3.060000000000007,0.8923893536121673,0.8928,0.8874,0.8984,0.9038,0.9148
940004,300,emission,263,0.0724143897343593,0.07266805382925956,0.06595016866496686,0.07871576804330964,0.08508555810452426,0.10978309357720949,0.033568593784974024,0.033134742093367225,0.03084136039543222,0.036012300769353967,0.0390283169614914,0.041606025365151234,0.029000506970849178,0.02873333333333339,0.025633333333333286,0.03150000000000003,0.03593333333333336,0.0430666666666667,0.02200895055074828,0.02182464083689046,0.017993233939331266,0.025487932812191152,0.029406413622250126,0.048248766924552856,0.0215502656721378,0.020995170593039913,0.017363813575753527,0.024833864597702558,0.02981089783122689,0.04943584797844601,0.02177960811144304,0.02142902668958041,0.01758679861873989,0.025221482595488044,0.029514474022774982,0.04884230745149944,0.5859315589353636,0.5000000000000004,0.26000000000000467,0.880000000000003,1.1360000000000061,2.500000000000002,0.8945346007604563,0.8952,0.8912,0.8979,0.9,0.907
940004,300,makespan,263,0.08024752494351722,0.08080644852234943,0.07319727967109202,0.08744242331447243,0.09206892714358884,0.10483046557730505,0.039252953712138564,0.03903864593288449,0.032266669173285495,0.04630380611599206,0.049323212204422935,0.058021652148348875,0.03774879594423321,0.03713333333333335,0.034733333333333366,0.04159999999999997,0.04572000000000005,0.06373333333333342,0.02900707316161358,0.028906754215601196,0.023505907214421837,0.034361048939756327,0.03787493481571757,0.044679380362836266,0.02499429034417444,0.024920997286663724,0.020269773824335816,0.028972932854872173,0.03363750558546261,0.04551829709237146,0.027000681752894013,0.026694150330168864,0.02193784983788293,0.03165204542709814,0.03566675121162945,0.04456746644256229,0.8661596958174904,0.8199999999999985,0.46000000000000485,1.2399999999999967,1.5000000000000013,2.739999999999998,0.9010190114068442,0.9014,0.8918,0.9092,0.915,0.9274
940005,30,cost,263,0.2182463302663567,0.21513073588376966,0.20023329094930226,0.23108483461333504,0.2541827723536294,0.3085669535151228,0.1315257359929796,0.13005352952713808,0.12106720395383276,0.14024386261162783,0.15101178162675494,0.16669552785739206,0.1469338403041825,0.14426666666666665,0.1350333333333333,0.1602,0.17373333333333335,0.1978666666666667,0.2557496928749061,0.24771877178690013,0.21816346673349712,0.28402310757751337,0.32457276500702764,0.4345538517302352,0.188540611432555,0.17225929473645926,0.14908740699145862,0.2107259388148091,0.2693633627352085,0.4295253254632447,0.2221451521537305,0.21331383672961263,0.18337013957981035,0.24487128804113625,0.29458062070408936,0.43203958859673997,2.431330798479087,1.980000000000004,1.2799999999999923,2.949999999999997,5.4640000000000075,8.300000000000008,0.8966190114068442,0.9078,0.8775999999999999,0.9179999999999999,0.9268,0.9488
940005,30,emission,263,0.21259900257359732,0.21223475679238846,0.19847968683527897,0.22669911910816315,0.24384937735765108,0.28634103593226,0.20570037430558794,0.205219167194656,0.1917641283759643,0.21946333749874902,0.22865049531562498,0.2381703635558568,0.19492040557667936,0.19406666666666672,0.18356666666666666,0.20656666666666668,0.21730666666666665,0.2432666666666667,0.21166843300659027,0.20732647490758815,0.18635517891357126,0.23477347300869772,0.2643611834526526,0.35947072944244407,0.19617936672340724,0.19268769999309654,0.161257814826571,0.22569029815981245,0.2597195824247853,0.3619703107270426,0.20392389986499876,0.19982229077691416,0.17496270364971667,0.22769942060238885,0.26184381785603666,0.3607205200847433,5.906083650190116,5.959999999999999,4.900000000000004,6.8500000000000005,7.672,10.420000000000007,0.8409391634980989,0.8404,0.8315,0.851,0.85992,0.8764
940005,30,makespan,263,0.2132624936581742,0.21110051286179118,0.19788754532225403,0.22439244982011675,0.23405474280323563,0.28737096053497885,0.1414693677027268,0.14105765478551707,0.12072493655288954,0.1528680227574444,0.18712586888071434,0.27046756621405327,0.12928390367553869,0.126,0.11299999999999999,0.1428666666666667,0.15809333333333334,0.20246666666666666,0.2580488254490114,0.24905542793135088,0.23055097238401331,0.27892759682202706,0.31620719932800034,0.3691301636344025,0.18133892068341764,0.169416703369168,0.14760059936701558,0.19867700016007656,0.2219765231277075,0.4555333581043961,0.21969387306621457,0.20943378369990578,0.1883057947688921,0.2343533482044411,0.2673914546946231,0.41135043597730564,3.077870722433458,3.1000000000000028,1.8399999999999972,4.239999999999999,5.079999999999996,6.459999999999999,0.9209733840304182,0.9298,0.9140999999999999,0.9398,0.9494,0.9556
940005,100,cost,263,0.15410176894871477,0.153378761793237,0.14446932439522991,0.16448821217071904,0.17394470012831462,0.1889655765011187,0.14545214719129212,0.14270513891962122,0.13752415716987704,0.1540254199542887,0.16083317808965114,0.17094370767614947,0.15582737642585553,0.1572,0.1482,0.16340000000000002,0.16956000000000002,0.18480000000000002,0.10605708362626119,0.10490526965899849,0.09293915247768561,0.11875643018506941,0.1334542367060431,0.15324870331963544,0.09564843185036352,0.0943381201519571,0.08084571917560898,0.10738319807275461,0.12186920023920753,0.160222805237884,0.10085275773831237,0.0986663663383332,0.08776261237332772,0.11367380228243115,0.12696400317793158,0.15498522991508057,1.330874524714828,1.2199999999999989,0.6199999999999983,1.9499999999999962,2.6799999999999935,3.400000000000003,0.9077239543726235,0.9078,0.9004,0.9166,0.926,0.934
940005,100,emission,263,0.12262932807118261,0.12284147233320468,0.11128609510992624,0.1321093321537798,0.1435030692647878,0.16697126970802859,0.08357526465222512,0.08368627174126103,0.07634780102131059,0.09064181568054189,0.09448108174340993,0.12314573427243815,0.07124334600760457,0.06899999999999995,0.062,0.07890000000000003,0.08772,0.10599999999999998,0.06691840897194647,0.06445859365457694,0.05413771737813429,0.07642054191313316,0.08919550837498019,0.12988845082597386,0.06044867936152421,0.05880450633177758,0.047879755363626625,0.07023370024918661,0.08166622442855574,0.13014849734392714,0.06368354416673534,0.06247758035408088,0.05124939204862917,0.07320872305891908,0.08645203814127252,0.11814525676301224,2.3851711026615945,2.3799999999999932,1.5599999999999947,3.269999999999995,3.795999999999993,4.9399999999999995,0.9235505703422053,0.9238,0.9156,0.9327,0.9379599999999999,0.9494
940005,100,makespan,263,0.12393262682378728,0.12218513507185558,0.11652056846803148,0.1297941828147681,0.1409690743678712,0.17165524331146198,0.11142652017963911,0.10969194753963497,0.09407217130882475,0.12917852497147822,0.14092135223700245,0.16682369831261953,0.09192243346007603,0.09259999999999996,0.0812,0.10259999999999997,0.11548,0.13620000000000002,0.07492799783186162,0.0725765236513646,0.06732442851007465,0.08148331624902151,0.08753557622693978,0.1401943576942219,0.061429866216454375,0.05828973386783705,0.050743462591347724,0.06851657962443292,0.08019283054818466,0.1297410291100693,0.06817893202415799,0.06564253581525006,0.05930184230257678,0.07447006598734908,0.08624010309212635,0.12905903312072756,1.50889733840304,1.639999999999997,0.9000000000000008,1.959999999999995,2.4559999999999964,3.8599999999999968,0.9112167300380227,0.9162,0.9036,0.9196,0.92436,0.9386
940005,300,cost,263,0.09010886624706008,0.08917575535349163,0.0813947216881826,0.09722154245515774,0.10490996056370751,0.1276606636104967,0.07538030679336521,0.07582722633998516,0.07250049323192939,0.07838287546108258,0.08082179285438366,0.0892547499460579,0.07513688212927756,0.07379999999999998,0.0700666666666667,0.07906666666666667,0.08765333333333333,0.09806666666666669,0.03428950524512049,0.03359827049008476,0.027777739217264803,0.0388888378557561,0.045325776917582696,0.06221538931205256,0.03317189350530165,0.031645400124025974,0.026284514718850283,0.038011475670154296,0.045148292942692764,0.0746171282700589,0.033730699375211066,0.032547790067738634,0.02706496607651853,0.0386150142556123,0.04508383224831145,0.06841625879105573,0.897794676806085,0.8000000000000007,0.36000000000000476,1.3700000000000045,1.739999999999997,2.62,0.8928532319391635,0.8928,0.8864,0.8982,0.9033599999999999,0.9168
940005,300,emission,263,0.09024729021026028,0.09041336371951002,0.08516266844833789,0.0947508109942273,0.10078423175334647,0.1133313939988729,0.07886348102411508,0.07906336555520523,0.07551542540631724,0.08246163566162376,0.08576242650885635,0.09470363645605459,0.06008871989860582,0.05940000000000001,0.054066666666666686,0.06566666666666665,0.07020000000000004,0.0816,0.03633515528289797,0.036401462676162614,0.03215037028076845,0.03959129696501005,0.044166729263556755,0.054788279206284665,0.03161939974118726,0.031227049386577783,0.027608569179782154,0.034764924031009975,0.039239686646937166,0.052880478472167584,0.0339772775120426,0.033834378255467146,0.02983890038710741,0.03750353992172608,0.042252353360434626,0.05332394930085293,1.4255513307984768,1.4599999999999946,1.0299999999999976,1.8199999999999994,2.1199999999999997,2.759999999999996,0.9142311787072244,0.9146,0.9103,0.9182,0.9212,0.9276
940005,300,makespan,263,0.08739843179558486,0.08702667066944042,0.08236414905851941,0.0923960559106678,0.09729727496529772,0.11165373911192483,0.08160313376028601,0.08194183198225996,0.07578387433487307,0.08785382185979032,0.09635043801602029,0.12691807572345545,0.06427351077313055,0.06479999999999997,0.05873333333333336,0.0692666666666667,0.07580000000000003,0.09320000000000003,0.03218339945710755,0.03136530251540555,0.027852937278174204,0.03667934879957746,0.04022282202296146,0.05097452040703139,0.03161348247152993,0.031247298847238408,0.02787841973347431,0.035678546171335056,0.03924371859769087,0.05210090762382341,0.031898440964318736,0.03145360533873682,0.028002338629499288,0.03567681213179849,0.03975126831170106,0.05098367080075615,0.8815969581749035,0.6800000000000028,0.23999999999999577,1.419999999999999,2.0160000000000005,2.7000000000000024,0.9079733840304182,0.9068,0.902,0.9142,0.92016,0.927
940006,30,cost,263,0.23049339081605882,0.22686903481426698,0.21129666336083625,0.2427498981101157,0.26478868648014897,0.3098049883705954,0.2242464856968428,0.2225034420419153,0.18327007363820452,0.25593880566938076,0.30157025027872686,0.3347025360613285,0.20918631178707225,0.20613333333333334,0.1948333333333333,0.22090000000000004,0.23656000000000002,0.26780000000000004,0.2742899803187719,0.26440568929396696,0.2423061985193145,0.3011480588842049,0.32863681540151846,0.4163486599344076,0.2183798977528364,0.1996887468230681,0.16769236626993694,0.23664404364209612,0.3123969259608547,0.5096060682275374,0.24633493903580414,0.23186045308882877,0.20397050980460793,0.26780621589419235,0.31379250920475826,0.4629773640809725,5.65984790874525,4.520000000000001,3.510000000000002,7.86,11.536000000000005,14.62,0.8437954372623575,0.8548,0.8214,0.8649,0.88544,0.9188
940006,30,emission,263,0.1934503736555219,0.19054031585883946,0.17605729820073918,0.2091912861240231,0.22682972204626536,0.280612477599141,0.10553578029689643,0.10310346485221401,0.09690407684491431,0.11320917469544044,0.12238951744761696,0.14300965899568,0.103510773130545,0.09593333333333333,0.08426666666666668,0.11700000000000002,0.14271999999999999,0.21393333333333336,0.18002687881619123,0.17725755404813415,0.15212320080429112,0.20200225752546677,0.2298495556967165,0.3343412435275932,0.153992270187294,0.14520547676595807,0.11882468519399594,0.1832370867915063,0.21722470707442673,0.35625054920402216,0.1670095745017426,0.1590047997567055,0.13660403669313734,0.19168142176453262,0.2213416133125302,0.3452958963658077,2.598250950570344,2.6000000000000023,1.6199999999999992,3.639999999999999,4.088000000000003,5.720000000000002,0.8741923954372623,0.874,0.8636,0.8838,0.89176,0.9066
940006,30,makespan,263,0.22959292906757564,0.22715650170903942,0.21811365052941314,0.24063033725238844,0.25240365525102937,0.2771980226686932,0.14355265802010558,0.13574187733142057,0.11312734421813352,0.17360442616372374,0.19611149154199242,0.284668466864085,0.15070849176172374,0.15000000000000002,0.1272333333333333,0.17883333333333334,0.19392000000000004,0.2664666666666667,0.29774579780131083,0.2950306553820564,0.2694911366169202,0.32331979528513466,0.3388989909334454,0.4003548559018366,0.20542989503098133,0.19684910992848742,0.1759823948436079,0.23326227268414845,0.26643218555918086,0.3935426454711742,0.25158784641614607,0.24666183125218233,0.2237857128664552,0.27786864460650335,0.30411718180734315,0.37667728252496324,4.424714828897341,4.139999999999999,2.980000000000005,5.359999999999998,6.559999999999999,10.799999999999999,0.8558380228136881,0.8586,0.8464,0.8702,0.88096,0.9058
940006,100,cost,263,0.12699498441020077,0.1259252860673752,0.11658262393815289,0.13579888977467508,0.14599389254347145,0.17056963624678226,0.1317711742131691,0.13446228804238183,0.12104404284988174,0.14401196771110425,0.15256701512892645,0.1767368316225757,0.10256045627376427,0.1018,0.09340000000000004,0.1109,0.12196,0.15439999999999998,0.07665894359222826,0.07468650352686122,0.06644511904510514,0.0854252973746682,0.09527671827366975,0.12067609284478188,0.06422777119414082,0.0616000973056508,0.05235527062147202,0.07305207740826106,0.08698331778213553,0.12996326856278673,0.07044335739318454,0.06841366521951428,0.05973977731429372,0.07872942311219983,0.09080892955106493,0.1253196807037843,4.303574144486694,4.459999999999997,3.6600000000000077,5.180000000000007,5.640000000000001,7.540000000000003,0.8569688212927756,0.8554,0.8482,0.8634,0.8744,0.9006
940006,100,emission,263,0.12140488851422367,0.12035435178980691,0.1088105296295506,0.1351506732186235,0.1466404567953826,0.168014711217635,0.09464469700865438,0.09435872337927725,0.0902118080381597,0.09851842628323415,0.10294554636793277,0.11166920678044812,0.06700988593155892,0.06559999999999999,0.06229999999999996,0.06980000000000001,0.0762,0.1106,0.06188832562529005,0.060683835969530794,0.0493019304494329,0.07373248195142607,0.08525807728173186,0.11720273076083905,0.06510310706843431,0.0599019539007608,0.048532799010654847,0.08389081873462603,0.09550798319881461,0.12400125753645605,0.06349571634686217,0.06027820257185458,0.04892980237128494,0.07940448730952027,0.09132194182928866,0.119164526034751,3.545171102661599,3.639999999999999,2.9299999999999993,4.239999999999999,4.576000000000005,5.759999999999998,0.8645482889733841,0.8636,0.8576,0.8707,0.87796,0.8888
940006,100,makespan,263,0.1400879500744536,0.14033054596858274,0.129246644490891,0.1506453568663153,0.16229909612165566,0.18844464731706714,0.08912404113342014,0.08888997502236304,0.07938607838297299,0.09914002185695217,0.11266071318685385,0.1326748274880377,0.0820851711026616,0.0812,0.065,0.0968,0.10360000000000003,0.13539999999999996,0.09765288591670458,0.09664738718930048,0.08507088147263143,0.11103385963302859,0.12759243191015174,0.1515032689858097,0.0755337537894333,0.07461589476426157,0.06244771886571043,0.08707449820420338,0.10206347443686214,0.14651462653122166,0.08659331985306892,0.08516854918163214,0.0727793052424184,0.09916585941762143,0.11544191489005069,0.1486853796041869,0.7472243346007598,0.6400000000000072,0.20000000000000018,1.100000000000001,1.5719999999999938,3.4399999999999986,0.9050661596958175,0.9038,0.899,0.9106,0.91572,0.9344
940006,300,cost,263,0.08189316355687497,0.08151281649985612,0.07441229228360263,0.08876091472898398,0.09659662439578262,0.1115073136252502,0.08852709651911948,0.08548212435897791,0.08009404298828626,0.09611190414481939,0.10932886848259653,0.11999706319841824,0.06283371356147022,0.061133333333333345,0.057433333333333336,0.06673333333333334,0.07317333333333335,0.09206666666666674,0.027101390518535756,0.026594374039926223,0.02197864474861299,0.031158479662269756,0.03712877020719306,0.05039013957366401,0.029646674862013965,0.028950685699319304,0.02371573189124663,0.03486357056721144,0.04079939927895119,0.053239669710471435,0.028374032690274865,0.0279589670700938,0.022827809512008496,0.03285961496996606,0.038739890889809565,0.05065445419965515,3.619543726235743,3.639999999999999,3.1000000000000028,4.100000000000003,4.559999999999997,5.840000000000001,0.8638045627376427,0.8636,0.859,0.869,0.87328,0.8814
940006,300,emission,263,0.0837156945745202,0.0831032215101473,0.07689991442071456,0.08956869520238536,0.09723392402081775,0.11966675889999998,0.06514644387728913,0.06515496731037519,0.06202680231268673,0.06772874917301464,0.0705498168511167,0.07843100321069878,0.05423422053231939,0.0547333333333333,0.0474,0.06066666666666665,0.06440000000000001,0.07086666666666669,0.02851618218911714,0.02772614589974945,0.023688301206072182,0.03252581466258769,0.03750602918729454,0.05613010108189986,0.02954857720352329,0.028561245406822013,0.024637377732480325,0.03300898823654406,0.03974847766396794,0.06026596311012358,0.029032379696320214,0.028228080234761962,0.024208538219013205,0.03258810545291874,0.0384413611797268,0.05819803209601172,0.4476806083650201,0.40000000000000036,0.16000000000000458,0.6500000000000006,0.880000000000003,1.8199999999999994,0.89766463878327,0.8978,0.8941,0.9008,0.9043599999999999,0.9146
940006,300,makespan,263,0.0752674239458322,0.07412324566247684,0.06839022000881025,0.08194206649478858,0.08860639517508397,0.1030609710767438,0.07155007946254169,0.07081945432782079,0.06135052706805475,0.07869034906725021,0.08545564321141254,0.1269185127818431,0.06793662864385298,0.07106666666666667,0.05736666666666668,0.07866666666666669,0.08186666666666664,0.08786666666666668,0.024957331257470565,0.02455170724269992,0.021161399740271328,0.028431189473149328,0.03297091519319886,0.03958782835328257,0.022666252748281858,0.02097794828350344,0.01749172364175315,0.026229944071205154,0.031227757775054918,0.052694700764639446,0.023811792002876208,0.022840889570203065,0.01946696328139632,0.02718579304797057,0.03212754842081941,0.045694958001387204,1.10342205323194,0.9800000000000031,0.45999999999999375,1.6000000000000014,1.9600000000000062,3.9000000000000035,0.8967209125475285,0.9002,0.885,0.9096,0.91064,0.9184
940007,30,cost,263,0.2682226822418474,0.27106601084955223,0.26025251692821283,0.28031951561434254,0.28746024906532397,0.30594733132074814,0.3326244615304815,0.33263905685815803,0.31789292507495426,0.35161380230351325,0.35943673411704097,0.3670160987408896,0.19071356147021548,0.19620000000000004,0.17536666666666673,0.2036,0.21228000000000002,0.22920000000000007,0.39943994174429676,0.40266290638910474,0.37121213245978607,0.42340480899478533,0.45553708169398643,0.5102338885482003,0.2740269189367025,0.2787197323252827,0.24865936323221444,0.3018218848205573,0.3280935539392249,0.3960405114717949,0.3367334303404997,0.34021450223971417,0.313921587283669,0.36304332865031813,0.38146828078289685,0.4531372000099976,6.039239543726234,5.820000000000003,5.509999999999998,6.740000000000002,7.156000000000001,7.86,0.9603923954372623,0.9582,0.9551000000000001,0.9674,0.97156,0.9786
940007,30,emission,263,0.20927307994823327,0.2074798473702775,0.19537845596845058,0.22306326197850684,0.2367206676129751,0.26186137415170524,0.21987060885912843,0.2214507447431109,0.20967440811280016,0.23034916314114706,0.2394476784433838,0.2675491080682696,0.1693617237008872,0.1704,0.1568,0.18169999999999997,0.19314666666666666,0.22193333333333332,0.20870368747989065,0.20454252533754344,0.1850948022195888,0.23048073572808725,0.25553390539047843,0.32757803047102596,0.17516376585150642,0.17002571219534895,0.14692895752998358,0.198275696979007,0.229989417319661,0.3054853665767208,0.19193372666569858,0.18636377784366936,0.16728062773951335,0.21655072009807502,0.24215083170665927,0.30333826800143027,9.191939163498102,9.540000000000004,7.980000000000004,10.630000000000006,11.440000000000005,13.080000000000002,0.8080806083650189,0.8046,0.7937,0.8202,0.8352,0.8606
940007,30,makespan,263,0.2239160780293962,0.2220056741192682,0.21174195466844045,0.23253415382894072,0.24787656700780034,0.28183953655748434,0.18763750593605047,0.17606116331207777,0.16430481753777934,0.2099607037825288,0.24060972537220085,0.26724519122760915,0.1388750316856781,0.1378,0.121,0.1528666666666667,0.18066666666666667,0.22753333333333337,0.31707270536997645,0.31762484372623406,0.3000025686041712,0.33963075231980516,0.36520346969613526,0.4437604480455162,0.18869349330533328,0.18037741479465239,0.1593682989051326,0.20299676009771717,0.24248759977836762,0.36541272814119585,0.25288309933765485,0.24892034960195691,0.22996033416243536,0.2782509907206618,0.2959799656431919,0.404586588093356,2.755665399239542,2.5799999999999934,1.870000000000005,4.299999999999993,4.899999999999993,5.779999999999996,0.9251840304182509,0.9258,0.913,0.943,0.949,0.9578
940007,100,cost,263,0.1384324896648844,0.1390015509889442,0.1283828236854046,0.148097523127567,0.15660477246983834,0.1765001237570224,0.0827601865738408,0.08194580018142174,0.0759267824756677,0.08764557933382472,0.09528148195201756,0.10704403370460842,0.08430874524714828,0.08379999999999999,0.07500000000000001,0.0917,0.10028,0.12880000000000003,0.09416369570092332,0.0942901735726156,0.08303380862581304,0.10431421923507589,0.11574953446856565,0.15305694899218042,0.07334986778747417,0.07246737104563962,0.059828654244169006,0.08326378395002113,0.0964352444277812,0.1312275460001151,0.08375678174419875,0.08334825028004592,0.07119492457036174,0.09342466170175624,0.10601841355024216,0.13465791059964743,2.635817490494295,3.059999999999996,1.5499999999999958,3.739999999999999,4.079999999999995,4.820000000000002,0.9249589353612166,0.9306,0.9149,0.9374,0.9408,0.9482
940007,100,emission,263,0.12710103153509886,0.12515543902541396,0.11513062239306024,0.13614190419454367,0.15011514955477812,0.18005432962375695,0.07616094282454478,0.07599004715200351,0.06876769051648957,0.08340137028004213,0.08853707964504803,0.1041908543143285,0.0728661596958175,0.07199999999999995,0.06569999999999998,0.0797,0.0866,0.1018,0.07186722867398157,0.06899871778836468,0.05928444052076338,0.08193593026585973,0.0978834686338258,0.14031176122835157,0.06486338453476868,0.061829631593983574,0.05162746867645222,0.0740167017464462,0.0922509075948316,0.13218182463392952,0.06836530660437513,0.0651486456572816,0.05553281687019577,0.07653493786995955,0.09419350383665215,0.13624679293114056,0.8149049429657808,0.6599999999999939,0.30000000000000027,1.1800000000000033,1.7760000000000045,2.760000000000007,0.8948745247148289,0.8958,0.8892,0.9008,0.906,0.9204
940007,100,makespan,263,0.12636582112928513,0.1268999545826877,0.11517572714018938,0.13719070672197575,0.1429587618476639,0.17602587471675227,0.06768627137288487,0.06846791227474508,0.05810949732888756,0.07731803225696814,0.08136702578369717,0.09543528106382,0.06187224334600761,0.06159999999999999,0.054400000000000004,0.06830000000000004,0.0736,0.09420000000000006,0.08517729390987128,0.08770755001520734,0.07199917326778532,0.09670107038997923,0.10154574298425603,0.15415465354576802,0.061350226940139065,0.05918849401092844,0.048561350837248975,0.07378951146117181,0.08063777316495936,0.12042532908054933,0.07326376042500515,0.07327920935576267,0.060007837666484536,0.0846361315190062,0.0894531321074749,0.13728999131315867,1.7222053231939156,1.2799999999999923,0.7900000000000018,1.9000000000000017,4.900000000000004,6.500000000000005,0.8981589353612167,0.9068,0.8909,0.9149,0.9156,0.9318
940007,300,cost,263,0.07891202500233979,0.07815235919333774,0.07177973761711258,0.08469073650628897,0.09421886222850537,0.11503204863167005,0.05232405249349901,0.0523655404359709,0.04502035777558294,0.05997741138162001,0.064848126931553,0.07090241472730514,0.050091254752851706,0.04820000000000002,0.04293333333333335,0.05663333333333334,0.06325333333333331,0.0819333333333333,0.028359475630954627,0.027188020156622462,0.0229790095126009,0.03193939217615012,0.03831511095869965,0.05509228035499101,0.024414045620413955,0.023274085816098144,0.019131287413285403,0.02735375751737234,0.03454131967671249,0.05724347051790852,0.02638676062568429,0.02535915231659706,0.02118757291986166,0.029475662233603744,0.03653796631614781,0.055974171562708896,0.5295057034220524,0.46000000000000485,0.21999999999999797,0.759999999999994,1.0599999999999943,1.759999999999995,0.9032296577946768,0.9034,0.8995,0.9073,0.9106,0.9176
940007,300,emission,263,0.080147862433825,0.08004586685969003,0.07307684327274776,0.08695552409360999,0.0935822801298531,0.11014646697910448,0.06407489664892221,0.06346730295391809,0.06021686310254108,0.06724404899249044,0.07160268727220075,0.07838229321386453,0.06418859315589354,0.06253333333333333,0.05876666666666669,0.06786666666666669,0.07408000000000003,0.09139999999999993,0.02669244574064346,0.02627822016413828,0.02203752021252957,0.03097954481790786,0.03600989732257094,0.04981238430780705,0.026506398733819426,0.02572844869209241,0.021215887789041134,0.03133058530405891,0.03593706725042928,0.05101988323238459,0.02659942223723144,0.02608132510770421,0.02171852597711269,0.03073314665339185,0.036048791747698976,0.049417096412825434,0.6217490494296568,0.5800000000000027,0.21999999999999797,0.9199999999999986,1.200000000000001,2.0399999999999974,0.9054038022813687,0.9058,0.901,0.9092,0.912,0.9204
940007,300,makespan,263,0.08429283908164263,0.08399160908527163,0.07947277370054147,0.08903837554568617,0.09482701182212055,0.11291589572923473,0.0496209327237748,0.04872297297069445,0.04461999798594598,0.055714379406150705,0.0589570424380855,0.06542239242233504,0.03930291508238276,0.03919999999999996,0.03379999999999994,0.046133333333333346,0.047666666666666635,0.060200000000000004,0.034515915687163064,0.03367749739277122,0.030881907122934902,0.03746282943862611,0.0432058087288839,0.05533403685450938,0.02715897508044528,0.026308881854238738,0.02339869545645985,0.029841993193138256,0.03328216748590393,0.0621000442184608,0.030837445383804177,0.030077654483925576,0.027283037114903326,0.03401858552885529,0.03813543519008606,0.05871704053648509,1.3489733840304168,1.5599999999999947,0.7099999999999995,1.9199999999999995,2.1399999999999975,3.0200000000000005,0.9110684410646387,0.9146,0.9056,0.919,0.9208,0.9302
940008,30,cost,263,0.1928766981028267,0.19064300880638724,0.177062980587683,0.2032778624030389,0.21737387292933108,0.3203503007736302,0.14997372801917846,0.14849708373858578,0.13776112568891724,0.15941490909334907,0.17183157871141,0.21338623916677457,0.12275411913814957,0.11713333333333331,0.10669999999999999,0.1355333333333333,0.15813333333333335,0.18913333333333332,0.21010225958365666,0.2039654120900472,0.18351793682163403,0.22752971074153994,0.25523244632553443,0.43548371605183134,0.144749276770316,0.13744739465102665,0.11259402128112661,0.16058303331811097,0.19332460358670317,0.5619777553585308,0.1774257681769863,0.17247301207267127,0.1495766346978441,0.19499308969568624,0.22141876205902034,0.49873073570518106,8.509733840304184,8.860000000000001,7.46,10.040000000000004,10.720000000000008,15.32,0.8149026615969583,0.8114,0.7996,0.8254,0.84992,0.8746
940008,30,emission,263,0.243003996255135,0.24242894051878217,0.2303826722544927,0.2537833511912586,0.2652795986917693,0.2886388717377693,0.28407136771712144,0.2803929582653143,0.2714641423748573,0.29289947362869273,0.31304745826045155,0.34148856597346333,0.21916501901140684,0.21699999999999997,0.2073333333333333,0.23100000000000004,0.2395866666666667,0.26433333333333336,0.28395599643002517,0.2804698980671444,0.2574309286856657,0.3091546113272479,0.33241924188552724,0.3882644207149635,0.23635574988738242,0.2317852384965443,0.2064345132540444,0.2561448720072287,0.2869062582774832,0.3817897714651035,0.26015587315870387,0.25774455779844807,0.23216048411328183,0.2824655316253115,0.3122119790907701,0.37372937400412026,0.8926996197718637,0.7199999999999984,0.40000000000000036,1.31,1.7760000000000045,2.9200000000000004,0.8962121673003802,0.896,0.8888,0.9038,0.9099200000000001,0.926
940008,30,makespan,263,0.2310120491681769,0.22779335236759454,0.20911305598886315,0.2507748562427124,0.26308406060658596,0.297082066023668,0.16555565676535902,0.15374966528065087,0.133496956927416,0.19549720203805393,0.2180276522384357,0.27536424492466205,0.15055234474017748,0.13273333333333337,0.12466666666666665,0.18200000000000005,0.20021333333333335,0.23253333333333337,0.29479015037972056,0.2897074715103707,0.2440973397460229,0.34190862204512884,0.3753352060126336,0.41790109007446186,0.20869046385531104,0.20309871281654207,0.16011212446588707,0.24225004171099454,0.2855151231560845,0.37696552552384577,0.2517403071175158,0.23967250027486678,0.20384664365183175,0.29541323713778533,0.32048748844047037,0.3974333077991538,1.667300380228135,1.7000000000000015,0.9500000000000008,2.0399999999999974,3.5920000000000023,4.179999999999994,0.9145285171102661,0.9156,0.9066,0.9204,0.9359200000000001,0.9418
940008,100,cost,263,0.1277042817150045,0.12603073806287712,0.11884860494991996,0.13331296909138113,0.14521938732149714,0.16737291998472043,0.078577519536322,0.07731475756730816,0.071966258941286,0.084868562775508,0.09075572736252889,0.09995436202932757,0.08219315589353611,0.08299999999999996,0.0726,0.09199999999999997,0.09916000000000001,0.11900000000000005,0.07824758020506005,0.07630132282961577,0.06923998221312909,0.08364297420623487,0.099708162704381,0.1223495440264692,0.0645567093915455,0.062194735789780124,0.05450777565114675,0.07012399201346797,0.08662877744632823,0.11722399005347856,0.07140214479830277,0.06864549520489051,0.061751812233811154,0.07688085517422225,0.09245090305281259,0.11978676703997387,2.265627376425858,2.0399999999999974,1.4500000000000013,2.950000000000003,4.020000000000001,5.759999999999998,0.8775657794676807,0.8796,0.8705,0.8855,0.8925599999999999,0.9104
940008,100,emission,263,0.14662454704476927,0.14578712228376373,0.13727456694900442,0.1544847385057631,0.16305456616800318,0.18302048483476216,0.11535010632536694,0.11531075868761634,0.11100221810147051,0.11946086874237329,0.12361566107465263,0.13295069968343912,0.09949201520912546,0.09879999999999994,0.09240000000000004,0.10489999999999997,0.11315999999999998,0.13380000000000003,0.09677206726007696,0.09581400926644493,0.08444458577798672,0.10747223473216945,0.11751015952376184,0.140655859743969,0.0839364366397529,0.08206748414563551,0.07189551373237651,0.09243006322346903,0.10459925800035617,0.1512316295557596,0.09035425194991493,0.08861010523872388,0.07875998784904086,0.100114846140231,0.11068410818036802,0.1409986712597338,0.7367300380228134,0.5199999999999982,0.26000000000000467,1.2400000000000022,1.6199999999999992,2.2599999999999953,0.9009992395437262,0.9016,0.8958,0.906,0.91416,0.9226
940008,100,makespan,263,0.13094276702216703,0.13261020583055125,0.12053142330736379,0.14083218402275294,0.15042995011305801,0.18089247653070342,0.0786334229931301,0.0767825447286676,0.07138122749653861,0.0837723175675445,0.09447293349696194,0.1434406897099928,0.07368365019011407,0.0716,0.0625,0.0816,0.09552000000000002,0.1256,0.08372392824740839,0.08353679428023446,0.07198551466271713,0.09509842679136397,0.1061850042477137,0.1543450431453483,0.06718865523133208,0.06694335383551447,0.05412971683790102,0.07822872127946727,0.09240650261244841,0.1320555119337784,0.07545629173937024,0.07558783002308063,0.06341012160951201,0.08610755919703425,0.09823240797670796,0.14146098930205545,1.1633460076045645,1.2199999999999989,0.8199999999999985,1.4800000000000035,1.9160000000000001,4.380000000000006,0.8894524714828898,0.8878,0.8852,0.8926,0.90044,0.9136
940008,300,cost,263,0.08975562767491627,0.08979986293711593,0.08388608068711681,0.09503470348022439,0.1004622550004893,0.11618523623766798,0.051898341290184155,0.052120945475990506,0.048172440571576026,0.055655567581003554,0.057998520843474,0.0626592746407592,0.03313586818757922,0.03206666666666669,0.028299999999999992,0.03646666666666673,0.04233333333333334,0.05793333333333328,0.04162666107864954,0.04110463945269517,0.03638091222519022,0.04623634827807077,0.05225717101667123,0.06235638851309823,0.02981859860162274,0.02940526831341201,0.025127101703775884,0.034175915050260436,0.03783020014020609,0.05183750372875485,0.03572262984013613,0.035303978303299094,0.031096152788115103,0.040031471674993505,0.04467083744219302,0.056733834748347964,1.2289733840304164,1.200000000000001,0.8599999999999941,1.589999999999997,1.9559999999999957,2.6000000000000023,0.9121026615969581,0.912,0.9086,0.9158999999999999,0.9195599999999999,0.926
940008,300,emission,263,0.08635309009828221,0.08620048991800716,0.07930675051245512,0.09333599483666877,0.09903890870335214,0.10856355076463116,0.061033203288440724,0.060854826616963516,0.05867383108488901,0.06312934647016544,0.0654106719082002,0.07033890959059383,0.06972294043092522,0.06906666666666667,0.06413333333333332,0.07490000000000002,0.07973333333333335,0.09760000000000002,0.03030426653447604,0.029874598539388352,0.025366999846581587,0.03518427023055254,0.03889970725934751,0.048326685134652235,0.030932880556090184,0.030458192181390554,0.025485947153256146,0.03568070650240692,0.041049031473336786,0.05112920367304273,0.030618573545283113,0.030089884069467727,0.025387293206528355,0.03546941115604772,0.04008607304126919,0.048306674065647405,1.7412167300380248,1.760000000000006,1.5000000000000013,2.090000000000003,2.3160000000000007,2.8200000000000003,0.882603041825095,0.8824,0.8791,0.885,0.88776,0.902
940008,300,makespan,263,0.07639686290870554,0.07732756119716039,0.06978714153393861,0.08491606771742455,0.08844890807391667,0.0944897572981866,0.03091552108198579,0.030732359496256672,0.02617815044555305,0.03532377486260612,0.03873846860192858,0.04484720469793067,0.038004562737642585,0.03626666666666667,0.03206666666666666,0.043166666666666687,0.047133333333333347,0.06173333333333331,0.02554500697990072,0.02612446300201868,0.021051084300013415,0.030263981298622067,0.03344805665260721,0.03698690115776457,0.024203745749959153,0.023843634215029483,0.01865910003559393,0.030267599329623862,0.033711138387148294,0.04198693924852117,0.02487437636492994,0.025153029685999848,0.019991765699679184,0.030183877314798054,0.032656024518938204,0.03781562941258233,0.8511787072243362,0.9000000000000008,0.49000000000000155,1.0600000000000054,1.4399999999999968,2.3600000000000065,0.8924570342205322,0.8912,0.8899,0.896,0.90016,0.9128
940009,30,cost,263,0.2611667729098856,0.2607740207896738,0.24622920586215863,0.2747209045310608,0.2845076557557153,0.32765865680068185,0.19232720925725355,0.19416976625977123,0.1793837164616786,0.20401298657602124,0.2124637502617529,0.23322955790986408,0.16309302915082383,0.16693333333333332,0.15076666666666663,0.17776666666666663,0.18826666666666664,0.20999999999999996,0.3401520431320165,0.33601864281486393,0.31026178896085294,0.3683559702170476,0.3959993524964594,0.49148244362724236,0.2915702989181832,0.2867140430919875,0.23992669594519503,0.3354861206613828,0.3745635160816895,0.5210866361599393,0.3158611710250999,0.3127579936442244,0.27561860067208876,0.35145901452314066,0.37400113393156714,0.4979081852737642,3.5918631178707203,3.6799999999999944,2.829999999999999,4.3699999999999966,4.84,5.940000000000001,0.9359186311787072,0.9368,0.9283,0.9437,0.9484,0.9594
940009,30,emission,263,0.20544753896882897,0.20435418483863138,0.1909553408846713,0.21857337553690864,0.2313551095987424,0.26059206165651355,0.2230163819303821,0.2217833824704776,0.21039487163332368,0.23502787486387322,0.2504786564157974,0.2624580321324845,0.17350874524714827,0.17093333333333327,0.16026666666666667,0.18346666666666672,0.19929333333333332,0.2267333333333333,0.20945751864409753,0.21106704553574146,0.18321019233656122,0.2342311180639639,0.25598226056776163,0.313468993020594,0.16987519554659825,0.16562620972446876,0.14277830759063065,0.19344169758929342,0.21794086460710246,0.2972101325053762,0.1896663570953479,0.18693579779541286,0.1634255579115472,0.2131484193635116,0.23508314542704464,0.298665797950648,7.796958174904944,7.920000000000005,7.050000000000001,8.840000000000003,9.528000000000004,11.220000000000008,0.8220304182509507,0.8208,0.8116,0.8295,0.8406,0.8664
940009,30,makespan,263,0.2022583783509381,0.2048732740474824,0.18390093587121006,0.21453287649742236,0.2270431427761942,0.2873756485752022,0.1158395647576992,0.11854496898916575,0.09221205304924765,0.13504318580437474,0.1439757170907041,0.17351861742279312,0.1100851711026616,0.10446666666666671,0.09506666666666663,0.12173333333333336,0.14353333333333337,0.17706666666666665,0.24138702760029349,0.23657568125869305,0.20871902167838743,0.27053380953521194,0.2944022684699065,0.37910796181104894,0.15689506807269435,0.1514036409761814,0.12135817100319118,0.17709136574606177,0.21396062311763664,0.38593055545258836,0.19914104783649392,0.19916494458246442,0.16494561675010055,0.2271629996596974,0.24494427850781608,0.3825192586318187,6.736273764258557,7.16,4.239999999999999,8.999999999999996,10.999999999999998,13.0,0.8326372623574145,0.8284,0.81,0.8576,0.8842000000000001,0.8998
940009,100,cost,263,0.12323577685061626,0.12306331629308188,0.11696439889863179,0.12967125922470518,0.1370424768137969,0.1692609947643897,0.07733596296330955,0.07561184672775505,0.06492226643238685,0.09024212056041347,0.09899435156633914,0.10757730071300324,0.07071330798479088,0.07000000000000006,0.06540000000000001,0.07540000000000002,0.081,0.09079999999999999,0.07258458412694524,0.07176522457600672,0.06533662967297577,0.07898798322277341,0.0868120432441049,0.12779573386791196,0.05816350937660753,0.056897738695340254,0.05060229305689388,0.06446776410507264,0.07247783247830433,0.11945093710507079,0.0653740467517764,0.06468235133117473,0.05795073692996745,0.07133795098256696,0.07905085677167402,0.1215481355689623,1.2840304182509503,1.2600000000000056,0.7500000000000007,1.7600000000000005,2.396000000000003,3.400000000000003,0.8997269961977186,0.9022,0.8863,0.9122,0.9174,0.934
940009,100,emission,263,0.11267870001651448,0.11334307329587555,0.10068234121336449,0.12340995161773101,0.13593834407894548,0.1595794192021127,0.09686933248506428,0.09639779109420826,0.08936433797373305,0.10388077722638707,0.11052955712064673,0.117901811622126,0.06912851711026616,0.068,0.061799999999999994,0.0748,0.0832,0.1086,0.05616172292542262,0.05605771980128668,0.04486312356945621,0.06530275795139753,0.07663283290197981,0.11072838435855911,0.052578035022868945,0.05041057104882298,0.0397557885079101,0.06267250211818925,0.07712998373847481,0.11585182381499773,0.05436987897414579,0.053433795848226946,0.042566970627395034,0.06398212107649792,0.07775205789200901,0.10601838470959263,5.038555133079849,5.000000000000004,4.310000000000003,5.720000000000002,6.220000000000003,7.420000000000004,0.8496144486692015,0.85,0.8428,0.8569,0.86076,0.872
940009,100,makespan,263,0.11154141717305092,0.11034395014084461,0.10073302002005646,0.12190869802423643,0.12881307287760324,0.1404386329104271,0.08272744623651604,0.08233955517953898,0.07330161691167081,0.08848489755706396,0.105567257351591,0.1372543663946621,0.07160380228136883,0.06879999999999997,0.06199999999999997,0.07940000000000003,0.089,0.1038,0.06477151855089164,0.06260619104538925,0.0557072093807468,0.07124195851843879,0.08238841827210716,0.09958082625087983,0.04684052614268635,0.04543981642913943,0.03688178818716231,0.055790542623025866,0.06529062253902153,0.07852663327016572,0.05580602234678899,0.05388316662389174,0.046971618902522376,0.06490834267788365,0.07194345901482452,0.08424095779468645,3.824638783269964,4.139999999999999,3.2100000000000017,4.600000000000004,5.2800000000000065,5.559999999999999,0.8618114068441065,0.8586,0.854,0.8679,0.87776,0.902
940009,300,cost,263,0.07813365259427678,0.07862393465444781,0.0726734355119028,0.08453063746634534,0.0887167487710651,0.10510878746008077,0.048908064856114083,0.04702941424368671,0.04353404855564306,0.053527635449590945,0.06044907374399451,0.06915206977136827,0.04205880861850443,0.04199999999999998,0.03826666666666666,0.04560000000000001,0.048853333333333304,0.05560000000000004,0.026497966966855933,0.026259575400979604,0.02265202888594486,0.030313462304804396,0.033609370849850655,0.044219138388043394,0.024071734496093053,0.02384647900660196,0.020286829693221882,0.028028545341198828,0.030882027815485286,0.04757109747600689,0.025284850731474493,0.025201428626439416,0.02154166174171727,0.029174018515040298,0.03213759418694497,0.045895117932025144,0.9539163498098845,0.9599999999999942,0.5500000000000005,1.319999999999999,1.6000000000000014,2.200000000000002,0.9075498098859315,0.9092,0.9033,0.9131,0.91596,0.922
940009,300,emission,263,0.07973462474303722,0.08050559437721928,0.06963303440136838,0.08693133059745706,0.09545161461165576,0.12307997630879408,0.06425642303699675,0.06471433083336738,0.06062847380457144,0.06845687900413305,0.07088497740694973,0.07447134229064076,0.04547807351077312,0.04573333333333329,0.04246666666666665,0.04813333333333336,0.05002666666666669,0.06113333333333337,0.02585761522342704,0.02610156178279187,0.01910242151450827,0.030265999755915582,0.035798364091696344,0.05941432747447059,0.027764253764721723,0.027093849866314683,0.02072691016588875,0.03219615246025266,0.03995733002710168,0.06567100340585594,0.02681093449407438,0.026653475134452213,0.019898092819665664,0.03122954080457958,0.03744399935893098,0.06254266544016326,3.4481368821292797,3.5399999999999987,3.0200000000000005,3.939999999999999,4.320000000000002,4.9399999999999995,0.8655186311787072,0.8646,0.8606,0.8698,0.87456,0.89
940009,300,makespan,263,0.0715285988256199,0.07120144243375935,0.06755035059024593,0.07681517409430241,0.08124984612875392,0.08745773360656449,0.051450964937133956,0.05447817163781374,0.035102071384962644,0.062364247884864075,0.06682818006580771,0.08648875356069136,0.054792648922686954,0.061333333333333295,0.040066666666666695,0.06576666666666667,0.0696266666666667,0.07353333333333334,0.02294369074807901,0.022755264936631835,0.020435373711282328,0.02572029025753442,0.028374521806604523,0.03280100314242855,0.019933185416609073,0.019296023757589993,0.017393692438325982,0.02287331948831918,0.026151073288904154,0.030000351563086766,0.02143843808234404,0.02089450333723893,0.018930579178454005,0.024393026573057353,0.027412235422573008,0.03140067735275766,0.8153612167300365,0.7800000000000029,0.38000000000000256,1.1199999999999988,1.6159999999999999,2.300000000000002,0.9058509505703423,0.9068,0.9018999999999999,0.9105,0.9156,0.923
940010,30,cost,263,0.20192628032519497,0.20178247948279054,0.1897655608613834,0.2128320906851517,0.22548447202382835,0.2584052407178832,0.17700788046440558,0.16664536284413536,0.15418449798202566,0.19122404740187632,0.2348292576958437,0.2523418332077627,0.14239239543726234,0.14186666666666664,0.12733333333333338,0.15426666666666666,0.16643999999999998,0.19706666666666667,0.222064223341233,0.21963099030429523,0.20112914285374484,0.24254201769812866,0.26159156354815544,0.311628809922176,0.16190007849985188,0.1633382174187356,0.13666247289169847,0.17985963876473832,0.2087553230474307,0.29676071856020586,0.1919821509205424,0.19061327294197866,0.16985810249911176,0.2092898212763843,0.23534088187708127,0.30419476424119096,10.421673003802283,10.620000000000008,8.370000000000001,12.640000000000008,13.7,17.459999999999997,0.7957832699619771,0.7938,0.7736,0.8163,0.83248,0.874
940010,30,emission,263,0.19828024965029806,0.1929837793971718,0.18231940735530403,0.21094311703631347,0.23242091537637377,0.261620110753817,0.19913801903685746,0.20120336068876873,0.1818450003620443,0.21367911609002582,0.23160475549521853,0.2514646604593175,0.1373173637515843,0.13846666666666663,0.1256666666666667,0.14716666666666667,0.15469333333333332,0.1982,0.1924329206318018,0.1818095653890822,0.16448727953902265,0.2162224610316239,0.24858617937366306,0.34355657593451416,0.15572316596442035,0.14600172325135286,0.1253838620070914,0.17556142713140527,0.2164022683319323,0.2838735950771846,0.17407804329811113,0.16285087504143803,0.14512338105501554,0.19551865387923695,0.23721449102569522,0.3065878556682279,0.5876806083650189,0.41999999999999815,0.24000000000000687,0.7500000000000007,1.2599999999999945,2.6000000000000023,0.9029642585551331,0.9026,0.8976,0.9066,0.9124,0.926
940010,30,makespan,263,0.19432836509913373,0.1922291381514965,0.1854466770417036,0.2044228650824085,0.21855509131573253,0.24500028115649364,0.1862930363084736,0.18092953047336122,0.1576460551613016,0.21686102775495925,0.23605864969770862,0.2942330895935356,0.16666996197718634,0.1614,0.14619999999999994,0.1898333333333333,0.20882666666666672,0.22420000000000007,0.22624338057941798,0.22634296598928683,0.2113358511668011,0.24678967878586905,0.2602868203760954,0.31519815880051694,0.14331611502026753,0.13413232987670065,0.12122657497517288,0.15605643917464618,0.20386644861169806,0.2544860586929867,0.18477974779984274,0.18107993657844418,0.1685899634177899,0.19979947305215057,0.22771241872047834,0.2827359775614628,9.817262357414451,8.260000000000002,7.26,11.060000000000002,16.004000000000012,21.36,0.8018273764258556,0.8174,0.7894,0.8274,0.8341200000000001,0.8542
940010,100,cost,263,0.11143533419851755,0.10994496767466543,0.10265824776291313,0.1185037083550255,0.1272877502643792,0.15749723559302664,0.08164458065964712,0.08218857347379634,0.07777322320635324,0.08569829721273142,0.08810461899656723,0.09608246631388892,0.07332699619771864,0.07020000000000001,0.06359999999999999,0.07940000000000003,0.0938,0.10740000000000002,0.059112430207665254,0.058094567527667326,0.051190631165047365,0.06502904031732781,0.07522585485234151,0.09932276624611189,0.04913829533221893,0.047216369290764344,0.040070771658411324,0.055519780679601456,0.06525251162483806,0.12742003688607872,0.054125362769942086,0.05200105554144035,0.04603086321803527,0.059835705088784955,0.06895029630732291,0.1133714015660953,1.9185551330798494,1.2400000000000078,0.6400000000000017,3.0299999999999994,4.956000000000007,6.76,0.883368060836502,0.888,0.8697,0.8987,0.9054,0.9148
940010,100,emission,263,0.11158845651690717,0.10992843048417344,0.10131133697469942,0.11956327606151604,0.12928050272688826,0.17700246032780015,0.07817079171451415,0.07843591397456921,0.07142763808815321,0.08433829901750574,0.08957712224623006,0.09865817237604806,0.06079923954372623,0.059199999999999975,0.05349999999999999,0.06479999999999997,0.07352000000000002,0.10299999999999998,0.05629837278426227,0.05445948233820878,0.04573093794523115,0.06438734388773942,0.075753290942282,0.13451008642807838,0.04912424070675728,0.047102034880838355,0.03928100706542702,0.055092363682020244,0.06577998773458398,0.12955228434486504,0.05271130674550977,0.05020670446014642,0.042363845612586354,0.060226348816438485,0.06965844719286517,0.1320311853864717,0.4596197718631187,0.38000000000000256,0.20000000000000018,0.5800000000000027,0.9760000000000038,2.4599999999999955,0.899099619771863,0.8986,0.8956999999999999,0.9027000000000001,0.90596,0.9246
940010,100,makespan,263,0.13135629192295895,0.1329003260755344,0.12287685499706921,0.14114683239224496,0.14738172950513967,0.165274134672027,0.10153886085235897,0.10477026376109515,0.08762073915231276,0.11450392636397747,0.12237480426449479,0.15542652541901125,0.09647832699619772,0.09620000000000001,0.09059999999999999,0.1038,0.1104,0.1274,0.08369369006228654,0.08508712097031366,0.07565400432508089,0.09442901776934166,0.10084337981830374,0.11914668552347825,0.0703793448579926,0.070364079194547,0.05779802303081271,0.08503388705861833,0.09131787376609593,0.12447608674562993,0.07703651746013959,0.07712334570734035,0.06605400227484026,0.08973365827066901,0.09508972218842558,0.11823200390439173,0.8372623574144489,0.7400000000000073,0.43999999999999595,0.990000000000002,1.527999999999999,2.9200000000000004,0.9020760456273764,0.9044,0.8957999999999999,0.9096,0.91252,0.918
940010,300,cost,263,0.07400693722753834,0.07335872813600305,0.06594035738793211,0.08251978034314295,0.09002132426004086,0.11267672770655102,0.053737225717482656,0.05170319710438208,0.04638716041692823,0.05989171546648896,0.07005873530584648,0.07985071346853573,0.04338276299112801,0.04093333333333338,0.03720000000000001,0.04830000000000001,0.056693333333333304,0.07219999999999993,0.023357177489072005,0.022356983044373176,0.018334580736080183,0.02814044239915452,0.03271106226258695,0.05228067449058134,0.022674606565298735,0.021093166917740578,0.017038241554165157,0.027724545403711616,0.03344829590377576,0.051645460882526174,0.02301589202718537,0.021936973493961516,0.017851802823615495,0.028098303101236514,0.03350115830502996,0.05196306768655376,1.5422813688212944,1.4399999999999968,0.5800000000000027,2.310000000000001,3.1160000000000014,4.759999999999998,0.886787072243346,0.8856,0.8769,0.8983,0.905,0.9132
940010,300,emission,263,0.07135091366714444,0.06978336079988133,0.06134934799993931,0.08083049478488841,0.08981845120484087,0.10709125401488556,0.04017456171819039,0.03992592937616711,0.036253810297505254,0.04471467788890822,0.04741297382900756,0.051461830704977105,0.03480912547528517,0.03480000000000005,0.030366666666666653,0.03860000000000002,0.04191999999999999,0.060866666666666625,0.02140082292425843,0.01985102991864446,0.015193318363785862,0.0258223118894007,0.03357707161434418,0.04630682111905791,0.021922332424980553,0.019893162888495006,0.01472648090064613,0.027545581963231897,0.03505469535856492,0.06497126096500325,0.02166157767461949,0.019840418148089276,0.015214960165656152,0.027208935130104514,0.03404391493102516,0.053025954475436725,2.172775665399242,2.1399999999999975,1.7800000000000038,2.5800000000000045,2.960000000000007,3.820000000000001,0.8782722433460075,0.8786,0.8742,0.8822,0.88556,0.8956
940010,300,makespan,263,0.08194010557162282,0.08302178405286222,0.0739762696477053,0.09087096936008272,0.09630317130431296,0.10731081847879317,0.03918852893584247,0.03718759378173484,0.032764503628798264,0.04454173009771349,0.0500538983263274,0.08501038025262797,0.03655411913814955,0.036599999999999966,0.031799999999999974,0.03899999999999999,0.04438666666666667,0.06713333333333327,0.030708781450893046,0.03135095228342598,0.025529503259665687,0.036663290152349794,0.03973253529435501,0.046274181653810205,0.02720793037676214,0.026117159079441107,0.020393797032813542,0.03248043807022587,0.04253114251325952,0.04880415977539908,0.028958355913827595,0.029202423147589453,0.022969244197051656,0.03474371623824286,0.04071502459846608,0.04663896260474621,0.8764258555133088,0.7000000000000006,0.38000000000000256,1.3000000000000012,1.7000000000000015,2.9200000000000004,0.8982076045627376,0.9006,0.8899,0.9042,0.911,0.9172
